profile_id,year,games_played,passing_completions,passing_attempts,passing_yards,passing_touchdowns,interceptions,rushing_attempts,rushing_yards,rushing_touchdowns,receiving_yards,receptions,receiving_touchdowns,fumbles_lost,position
234,2008,16,0,0,0,0,0,316,1238,8,477,63,4,1,RB
234,2009,16,0,0,0,0,0,258,929,4,471,57,0,6,RB
234,2010,16,0,0,0,0,0,237,1069,6,547,51,3,3,RB
234,2011,12,0,0,0,0,0,203,997,3,490,52,1,2,RB
234,2012,15,0,0,0,0,0,248,1094,5,340,44,1,2,RB
234,2013,16,0,0,0,0,0,289,1339,9,594,74,3,2,RB
234,2014,16,0,0,0,0,0,266,1038,6,808,102,4,2,RB
234,2015,13,0,0,0,0,0,218,898,4,389,44,3,2,RB
234,2016,14,0,0,0,0,0,218,813,7,263,30,1,1,RB
234,2017,12,0,0,0,0,0,103,381,2,293,37,1,1,RB
262,2008,15,0,0,0,0,0,251,1228,9,260,43,1,1,RB
262,2009,16,0,0,0,0,0,358,2006,14,503,50,2,3,RB
262,2010,16,0,0,0,0,0,316,1364,11,245,44,1,3,RB
262,2011,16,0,0,0,0,0,262,1047,4,418,57,0,3,RB
262,2012,16,0,0,0,0,0,276,1243,6,232,36,0,5,RB
262,2013,16,0,0,0,0,0,279,1077,6,345,42,4,3,RB
262,2014,16,0,0,0,0,0,155,663,1,151,24,1,1,RB
262,2015,11,0,0,0,0,0,196,814,3,58,6,0,2,RB
262,2016,4,0,0,0,0,0,25,95,1,0,0,0,0,RB
262,2017,4,0,0,0,0,0,45,114,0,43,5,0,0,RB
284,2008,13,0,0,0,0,0,113,499,4,285,29,0,3,RB
284,2009,12,0,0,0,0,0,104,357,1,245,21,0,5,RB
284,2010,13,0,0,0,0,0,223,1157,7,507,47,3,4,RB
284,2011,7,0,0,0,0,0,113,614,4,154,19,1,1,RB
284,2012,12,0,0,0,0,0,216,707,2,258,42,1,2,RB
284,2013,10,0,0,0,0,0,114,379,5,108,17,0,1,RB
284,2014,16,0,0,0,0,0,155,534,2,212,36,0,1,RB
284,2015,16,0,0,0,0,0,239,1089,3,328,40,0,3,RB
284,2016,3,0,0,0,0,0,24,87,0,17,3,0,0,RB
284,2017,1,0,0,0,0,0,1,-2,0,0,0,0,0,RB
925,2008,16,0,0,0,0,0,67,357,0,272,27,1,2,RB
925,2009,15,0,0,0,0,0,190,1120,7,297,40,1,4,RB
925,2010,16,0,0,0,0,0,230,1467,5,468,45,3,3,RB
925,2011,2,0,0,0,0,0,12,83,0,9,5,1,1,RB
925,2012,16,0,0,0,0,0,285,1509,5,236,35,1,5,RB
925,2013,15,0,0,0,0,0,259,1287,12,693,70,7,4,RB
925,2014,15,0,0,0,0,0,206,1033,9,291,40,5,5,RB
925,2015,5,0,0,0,0,0,71,364,4,177,21,1,3,RB
925,2016,3,0,0,0,0,0,12,40,1,14,2,0,0,RB
925,2017,14,0,0,0,0,0,69,296,1,129,23,0,2,RB
925,2018,2,0,0,0,0,0,6,7,0,7,2,0,0,RB
927,2008,14,0,0,0,0,0,0,0,0,0,0,0,0,RB
927,2009,16,0,0,0,0,0,114,619,4,350,41,1,4,RB
927,2010,16,0,0,0,0,0,118,523,2,252,33,0,0,RB
927,2011,16,0,0,0,0,0,46,145,1,128,23,0,0,RB
927,2012,16,0,0,0,0,0,63,374,1,38,3,0,0,RB
927,2013,9,0,0,0,0,0,6,31,0,82,15,0,1,RB
927,2014,16,0,0,0,0,0,235,1266,8,263,44,0,1,RB
927,2015,10,0,0,0,0,0,151,641,2,153,31,0,0,RB
927,2016,9,0,0,0,0,0,87,291,1,85,20,0,2,RB
929,2008,9,0,0,0,0,0,74,275,5,37,3,0,0,RB
929,2009,12,0,0,0,0,0,26,114,0,11,2,0,0,RB
929,2010,16,0,0,0,0,0,229,1008,13,85,12,0,0,RB
929,2011,16,0,0,0,0,0,181,667,11,159,9,0,0,RB
929,2012,15,0,0,0,0,0,278,1094,6,104,22,0,3,RB
929,2013,16,0,0,0,0,0,220,756,7,22,4,0,2,RB
931,2008,6,0,0,0,0,0,30,266,3,10,2,0,0,RB
931,2009,14,0,0,0,0,0,116,685,3,119,19,0,3,RB
931,2010,16,0,0,0,0,0,185,800,1,450,48,1,2,RB
931,2011,12,0,0,0,0,0,127,575,1,221,33,0,5,RB
931,2012,16,0,0,0,0,0,111,402,3,262,25,2,2,RB
931,2013,16,0,0,0,0,0,48,184,0,63,9,0,1,RB
935,2008,2,0,0,0,0,0,1,19,0,22,3,0,0,RB
935,2010,11,0,0,0,0,0,1,0,0,12,1,0,0,RB
935,2011,16,0,0,0,0,0,31,105,0,291,41,0,0,RB
935,2012,5,0,0,0,0,0,9,42,0,0,0,0,1,RB
939,2008,4,0,0,0,0,0,19,58,0,17,2,0,0,RB
939,2009,16,0,0,0,0,0,242,1108,7,261,25,1,3,RB
939,2010,16,0,0,0,0,0,324,1273,13,167,23,0,2,RB
939,2011,15,0,0,0,0,0,228,928,9,154,18,0,1,RB
939,2012,6,0,0,0,0,0,51,182,0,62,9,1,3,RB
939,2013,15,0,0,0,0,0,217,687,8,134,18,0,4,RB
941,2008,13,0,0,0,0,0,107,454,0,273,33,0,1,RB
941,2009,16,0,0,0,0,0,254,1339,7,702,78,1,3,RB
941,2010,16,0,0,0,0,0,307,1220,5,556,63,1,0,RB
941,2011,16,0,0,0,0,0,291,1364,12,704,76,3,2,RB
941,2012,16,0,0,0,0,0,257,1143,9,478,61,1,1,RB
941,2013,15,0,0,0,0,0,214,660,4,321,58,0,2,RB
949,2008,16,0,0,0,0,0,184,836,10,47,8,0,2,RB
949,2009,16,0,0,0,0,0,221,1133,10,139,18,1,3,RB
949,2010,14,0,0,0,0,0,178,770,2,103,8,1,4,RB
949,2011,16,0,0,0,0,0,142,761,4,413,47,1,1,RB
949,2012,9,0,0,0,0,0,93,336,1,157,17,1,2,RB
949,2013,6,0,0,0,0,0,48,180,0,44,7,0,1,RB
949,2014,13,0,0,0,0,0,175,809,3,181,25,1,2,RB
949,2015,13,0,0,0,0,0,242,989,6,99,16,1,3,RB
949,2016,13,0,0,0,0,0,218,824,9,60,8,0,3,RB
949,2017,15,0,0,0,0,0,198,680,6,52,8,1,3,RB
949,2018,3,0,0,0,0,0,6,17,0,0,0,0,0,RB
1970,2008,16,0,0,0,0,0,92,472,2,185,21,0,0,RB
1970,2009,16,0,0,0,0,0,64,349,3,132,15,0,0,RB
1970,2010,16,0,0,0,0,0,66,243,3,109,17,0,1,RB
1970,2011,13,0,0,0,0,0,57,152,1,124,19,0,3,RB
1970,2012,12,0,0,0,0,0,47,193,1,9,4,0,0,RB
1970,2013,15,0,0,0,0,0,46,170,0,15,5,0,0,RB
1980,2008,12,0,0,0,0,0,68,343,5,179,14,1,0,RB
1980,2009,14,0,0,0,0,0,13,54,1,19,4,0,1,RB
1980,2010,16,0,0,0,0,0,270,1177,11,477,61,2,8,RB
1980,2011,10,0,0,0,0,0,161,587,3,130,22,0,2,RB
1980,2012,13,0,0,0,0,0,85,309,1,62,10,0,2,RB
1980,2013,7,0,0,0,0,0,73,247,2,96,13,0,2,RB
1980,2014,9,0,0,0,0,0,26,115,0,87,10,0,0,RB
1996,2008,2,0,0,0,0,0,15,69,1,0,0,0,0,RB
1996,2010,10,0,0,0,0,0,164,742,4,125,18,2,2,RB
1996,2011,8,0,0,0,0,0,59,200,1,23,6,0,1,RB
1996,2012,2,0,0,0,0,0,0,0,0,0,0,0,0,RB
2643,2008,1,0,0,0,0,0,2,27,0,0,0,0,0,RB
2643,2009,7,0,0,0,0,0,5,17,0,0,0,0,0,RB
2643,2010,16,0,0,0,0,0,0,0,0,0,0,0,1,RB
2643,2012,11,0,0,0,0,0,40,143,0,60,7,0,0,RB
2643,2014,1,0,0,0,0,0,1,0,0,0,0,0,0,RB
4327,2009,10,0,0,0,0,0,15,64,0,87,8,0,0,RB
4327,2010,15,0,0,0,0,0,97,547,5,379,34,1,1,RB
4327,2011,15,0,0,0,0,0,77,351,1,157,18,0,0,RB
4327,2012,16,0,0,0,0,0,76,301,4,446,40,3,1,RB
4327,2013,16,0,0,0,0,0,106,429,2,605,76,6,2,RB
4327,2014,3,0,0,0,0,0,15,38,0,34,5,0,0,RB
4327,2015,16,0,0,0,0,0,98,336,3,755,80,6,0,RB
4327,2016,2,0,0,0,0,0,19,116,0,35,6,1,0,RB
4327,2017,8,0,0,0,0,0,14,56,0,200,33,0,0,RB
4383,2008,16,0,0,0,0,0,143,399,10,237,34,0,2,RB
4383,2009,16,0,0,0,0,0,143,598,8,428,63,0,5,RB
4383,2010,16,0,0,0,0,0,153,736,5,136,21,0,5,RB
4383,2011,5,0,0,0,0,0,84,321,1,78,10,1,0,RB
4383,2015,8,0,0,0,0,0,96,375,4,129,12,0,0,RB
4383,2016,16,0,0,0,0,0,133,548,4,200,22,1,0,RB
4433,2009,2,0,0,0,0,0,0,0,0,20,2,0,0,RB
4433,2010,16,0,0,0,0,0,30,122,1,333,25,3,1,RB
4433,2011,12,0,0,0,0,0,17,112,0,301,27,2,1,RB
4433,2012,16,0,0,0,0,0,59,271,0,496,52,1,2,RB
4433,2013,16,0,0,0,0,0,46,218,2,331,32,2,0,RB
4433,2014,15,0,0,0,0,0,21,85,0,265,37,1,1,RB
4433,2015,15,0,0,0,0,0,10,36,0,269,30,3,0,RB
4433,2016,4,0,0,0,0,0,2,0,0,73,5,0,0,RB
71345,2009,15,0,0,0,0,0,39,202,1,101,16,0,0,RB
71345,2010,13,0,0,0,0,0,84,459,4,223,26,0,0,RB
71345,2012,10,0,0,0,0,0,101,283,2,130,19,0,3,RB
71345,2013,15,0,0,0,0,0,163,733,6,292,36,0,0,RB
71345,2014,11,0,0,0,0,0,167,639,4,226,30,0,1,RB
71345,2015,16,0,0,0,0,0,195,863,3,296,29,1,3,RB
71345,2016,13,0,0,0,0,0,181,593,3,201,35,1,1,RB
79555,2009,6,0,0,0,0,0,54,257,3,93,8,0,1,RB
79555,2010,16,0,0,0,0,0,327,1616,16,604,66,2,3,RB
79555,2011,13,0,0,0,0,0,278,1224,10,617,53,2,5,RB
79555,2012,16,0,0,0,0,0,351,1424,15,217,40,2,3,RB
79555,2013,8,0,0,0,0,0,121,542,1,183,22,1,0,RB
79555,2014,13,0,0,0,0,0,260,1246,8,327,38,5,2,RB
79555,2015,4,0,0,0,0,0,63,163,1,227,22,2,2,RB
79555,2016,4,0,0,0,0,0,22,55,0,78,6,0,1,RB
79563,2009,14,0,0,0,0,0,108,540,2,0,0,0,3,RB
79563,2010,15,0,0,0,0,0,185,766,2,120,16,0,3,RB
79563,2011,16,0,0,0,0,0,253,1054,6,211,30,0,1,RB
79563,2012,16,0,0,0,0,0,276,1063,8,151,19,0,4,RB
79563,2013,11,0,0,0,0,0,77,295,4,39,6,0,0,RB
79563,2014,13,0,0,0,0,0,94,392,2,13,1,0,1,RB
79607,2009,16,0,0,0,0,0,155,637,4,308,40,0,2,RB
79607,2010,15,0,0,0,0,0,207,1080,7,592,78,2,2,RB
79607,2011,15,0,0,0,0,0,273,1309,17,315,48,3,1,RB
79607,2012,12,0,0,0,0,0,200,840,2,373,54,3,4,RB
79607,2013,16,0,0,0,0,0,314,1607,9,539,52,2,1,RB
79607,2014,16,0,0,0,0,0,312,1319,5,155,28,0,4,RB
79607,2015,12,0,0,0,0,0,203,895,3,292,32,2,2,RB
79607,2016,15,0,0,0,0,0,234,1267,13,356,51,1,3,RB
79607,2017,16,0,0,0,0,0,287,1138,6,448,59,2,3,RB
79607,2018,14,0,0,0,0,0,161,514,3,238,34,0,0,RB
79619,2009,16,0,0,0,0,0,247,947,7,213,28,2,4,RB
79619,2010,13,0,0,0,0,0,182,779,5,372,37,3,3,RB
79619,2011,7,0,0,0,0,0,37,179,0,101,11,1,1,RB
79619,2012,8,0,0,0,0,0,138,525,4,167,21,0,1,RB
79619,2013,16,0,0,0,0,0,241,1038,10,548,60,3,1,RB
79619,2014,3,0,0,0,0,0,31,148,1,8,1,0,0,RB
79635,2009,7,0,0,0,0,0,8,48,0,0,0,0,0,RB
79635,2010,16,0,0,0,0,0,51,239,2,44,7,0,0,RB
79635,2011,12,0,0,0,0,0,59,185,1,187,28,0,1,RB
79635,2012,2,0,0,0,0,0,2,14,0,12,3,0,0,RB
79661,2009,16,0,0,0,0,0,176,793,7,143,12,0,4,RB
79661,2010,13,0,0,0,0,0,116,397,2,74,5,0,1,RB
79661,2011,14,0,0,0,0,0,245,1047,10,52,10,0,4,RB
79661,2012,8,0,0,0,0,0,88,234,5,24,1,0,1,RB
80630,2009,7,0,0,0,0,0,40,220,0,4,1,0,0,RB
80630,2011,13,0,0,0,0,0,79,337,0,133,19,1,3,RB
80630,2012,7,0,0,0,0,0,29,76,0,13,2,0,1,RB
80630,2013,3,0,0,0,0,0,0,0,0,0,0,0,0,RB
80644,2009,8,0,0,0,0,0,22,49,0,15,2,0,1,RB
80644,2010,16,0,0,0,0,0,103,452,3,310,40,0,6,RB
80644,2011,4,0,0,0,0,0,0,0,0,4,1,0,0,RB
80644,2012,12,0,0,0,0,0,35,221,0,195,16,1,0,RB
80644,2013,2,0,0,0,0,0,7,61,0,19,2,0,0,RB
80674,2009,2,0,0,0,0,0,11,50,0,19,1,0,0,RB
80674,2011,13,0,0,0,0,0,76,340,1,165,23,0,2,RB
80674,2012,15,0,0,0,0,0,8,30,0,187,24,0,1,RB
80674,2013,16,0,0,0,0,0,49,240,0,343,48,2,2,RB
80674,2014,7,0,0,0,0,0,14,50,1,0,0,0,0,RB
81869,2009,13,0,0,0,0,0,74,321,0,67,5,0,1,RB
81869,2010,16,0,0,0,0,0,61,299,1,60,11,0,1,RB
81869,2011,16,0,0,0,0,0,112,380,3,38,13,0,0,RB
81869,2012,2,0,0,0,0,0,8,35,0,0,0,0,0,RB
81869,2013,2,0,0,0,0,0,4,14,0,10,2,0,0,RB
89686,2010,3,0,0,0,0,0,2,11,0,0,0,0,0,RB
89686,2011,10,0,0,0,0,0,30,101,1,41,7,0,0,RB
89686,2012,10,0,0,0,0,0,39,115,0,77,12,0,1,RB
89798,2010,9,0,0,0,0,0,1,-3,0,0,0,0,0,RB
89798,2011,12,0,0,0,0,0,0,0,0,0,0,0,0,RB
89798,2012,13,0,0,0,0,0,0,0,0,0,0,0,0,RB
89798,2013,15,0,0,0,0,0,5,145,2,10,2,0,0,RB
89798,2014,10,0,0,0,0,0,23,144,2,222,13,3,1,RB
89798,2015,5,0,0,0,0,0,1,11,0,0,0,0,0,RB
89798,2016,3,0,0,0,0,0,10,47,0,77,6,0,2,RB
238504,2009,16,0,0,0,0,0,6,15,0,83,10,1,1,RB
238504,2010,13,0,0,0,0,0,23,113,1,111,16,0,0,RB
238504,2011,14,0,0,0,0,0,43,167,0,234,13,2,0,RB
238504,2012,14,0,0,0,0,0,110,356,4,106,17,0,0,RB
238504,2013,1,0,0,0,0,0,6,19,0,11,2,0,0,RB
497138,2012,16,0,0,0,0,0,3,9,0,2,1,0,0,RB
497138,2013,11,0,0,0,0,0,44,166,3,13,5,0,1,RB
497138,2014,15,0,0,0,0,0,164,570,9,312,44,1,1,RB
497138,2015,16,0,0,0,0,0,29,112,0,132,19,0,0,RB
497138,2016,16,0,0,0,0,0,121,402,6,263,32,0,1,RB
497145,2010,8,0,0,0,0,0,0,0,0,0,0,0,0,RB
497145,2012,16,0,0,0,0,0,82,414,3,485,52,0,2,RB
497145,2013,16,0,0,0,0,0,166,650,8,547,53,0,4,RB
497145,2014,15,0,0,0,0,0,223,860,7,322,34,1,5,RB
497145,2015,13,0,0,0,0,0,90,311,4,286,22,0,1,RB
497145,2016,7,0,0,0,0,0,3,6,0,-2,1,0,0,RB
497147,2010,16,0,0,0,0,0,171,555,4,487,58,2,1,RB
497147,2011,6,0,0,0,0,0,84,390,2,287,27,1,0,RB
497149,2010,13,0,0,0,0,0,201,1007,6,14,5,0,4,RB
497149,2011,14,0,0,0,0,0,184,781,5,148,15,0,5,RB
497149,2012,13,0,0,0,0,0,41,151,2,2,1,0,0,RB
497149,2013,16,0,0,0,0,0,153,772,7,38,2,0,3,RB
497149,2014,16,0,0,0,0,0,125,547,5,54,10,0,1,RB
497149,2015,12,0,0,0,0,0,165,703,6,43,6,1,1,RB
497149,2016,16,0,0,0,0,0,299,1161,18,38,7,0,2,RB
497149,2017,16,0,0,0,0,0,173,766,2,50,8,1,1,RB
497149,2018,16,0,0,0,0,0,154,418,5,67,10,0,2,RB
497172,2010,16,0,0,0,0,0,70,237,2,11,5,0,0,RB
497172,2011,16,0,0,0,0,0,29,87,2,6,1,0,0,RB
497172,2012,16,0,0,0,0,0,21,78,2,0,0,0,0,RB
497172,2013,16,0,0,0,0,0,28,56,2,30,3,0,0,RB
497172,2014,16,0,0,0,0,0,105,432,2,49,8,0,1,RB
497172,2015,16,0,0,0,0,0,21,44,1,44,6,0,0,RB
497174,2010,1,0,0,0,0,0,9,28,0,0,0,0,0,RB
497174,2011,7,0,0,0,0,0,16,123,0,6,1,0,0,RB
497174,2012,13,0,0,0,0,0,156,623,2,106,18,0,2,RB
497174,2013,15,0,0,0,0,0,49,197,0,64,8,0,0,RB
497174,2014,2,0,0,0,0,0,16,51,1,8,2,0,0,RB
497176,2010,15,0,0,0,0,0,81,322,1,167,21,0,3,RB
497176,2011,16,0,0,0,0,0,109,531,1,190,23,3,1,RB
497176,2012,16,0,0,0,0,0,50,169,1,155,20,0,2,RB
497176,2013,14,0,0,0,0,0,36,283,2,88,13,0,1,RB
497176,2014,14,0,0,0,0,0,101,326,2,186,20,0,1,RB
497176,2015,7,0,0,0,0,0,20,44,0,23,3,0,0,RB
497178,2011,10,0,0,0,0,0,88,266,0,122,14,0,1,RB
497178,2012,13,0,0,0,0,0,65,271,1,16,2,0,2,RB
497188,2010,12,0,0,0,0,0,158,678,7,145,22,0,5,RB
497188,2011,14,0,0,0,0,0,222,1091,6,455,50,0,5,RB
497188,2012,12,0,0,0,0,0,184,707,1,252,39,0,2,RB
497188,2013,16,0,0,0,0,0,285,1255,6,189,26,1,2,RB
497188,2014,6,0,0,0,0,0,74,330,3,69,9,0,1,RB
497188,2015,13,0,0,0,0,0,106,539,6,146,20,1,3,RB
497188,2016,13,0,0,0,0,0,155,661,8,115,13,1,3,RB
497192,2010,9,0,0,0,0,0,39,189,0,20,3,0,0,RB
497192,2011,15,0,0,0,0,0,43,134,0,139,13,0,3,RB
497192,2012,15,0,0,0,0,0,30,179,0,18,1,0,3,RB
497192,2014,2,0,0,0,0,0,1,3,0,64,6,2,0,RB
497204,2010,14,0,0,0,0,0,74,283,0,157,24,1,5,RB
497204,2011,16,0,0,0,0,0,107,561,4,269,39,2,2,RB
497204,2012,16,0,0,0,0,0,207,1244,6,459,43,2,3,RB
497204,2013,15,0,0,0,0,0,202,933,2,185,33,0,4,RB
497204,2014,9,0,0,0,0,0,78,300,0,125,19,1,3,RB
497204,2015,13,0,0,0,0,0,36,112,0,239,34,2,1,RB
497204,2016,6,0,0,0,0,0,6,18,0,50,6,1,1,RB
497204,2017,1,0,0,0,0,0,2,0,0,0,0,0,0,RB
497206,2010,3,0,0,0,0,0,29,101,0,15,2,0,0,RB
497206,2011,13,0,0,0,0,0,133,578,1,216,29,0,2,RB
497206,2012,6,0,0,0,0,0,71,255,1,31,4,0,1,RB
497206,2013,13,0,0,0,0,0,89,493,3,89,10,1,1,RB
497206,2014,16,0,0,0,0,0,85,333,2,140,18,0,1,RB
497206,2015,16,0,0,0,0,0,148,601,2,392,43,3,5,RB
497206,2016,9,0,0,0,0,0,63,145,0,134,19,2,1,RB
497208,2011,15,0,0,0,0,0,175,942,4,98,13,0,4,RB
497208,2012,11,0,0,0,0,0,65,279,2,49,11,0,1,RB
497208,2013,14,0,0,0,0,0,181,771,4,140,34,0,5,RB
497208,2014,11,0,0,0,0,0,119,371,4,60,9,0,0,RB
1037847,2010,11,0,0,0,0,0,35,160,0,10,3,0,4,RB
1037847,2011,12,0,0,0,0,0,63,130,0,120,14,0,1,RB
1037847,2012,3,0,0,0,0,0,0,0,0,0,0,0,0,RB
1037847,2013,7,0,0,0,0,0,12,51,0,-1,1,0,0,RB
2495161,2011,15,0,0,0,0,0,151,640,2,379,49,1,2,RB
2495161,2012,3,0,0,0,0,0,2,2,0,45,7,0,0,RB
2495161,2013,16,0,0,0,0,0,62,274,4,251,31,0,2,RB
2495161,2014,14,0,0,0,0,0,40,216,1,477,42,2,2,RB
2495161,2015,9,0,0,0,0,0,17,39,0,75,9,1,0,RB
2495172,2011,16,0,0,0,0,0,112,473,2,195,16,0,0,RB
2495172,2012,11,0,0,0,0,0,72,371,2,60,9,0,1,RB
2495172,2013,16,0,0,0,0,0,78,358,3,13,2,0,1,RB
2495172,2015,2,0,0,0,0,0,1,2,0,0,0,0,0,RB
2495207,2011,13,0,0,0,0,0,164,897,2,183,26,0,1,RB
2495207,2012,10,0,0,0,0,0,161,663,4,251,35,0,3,RB
2495207,2013,14,0,0,0,0,0,217,1121,9,350,53,1,3,RB
2495207,2014,16,0,0,0,0,0,392,1845,13,416,57,0,5,RB
2495207,2015,15,0,0,0,0,0,193,702,6,322,44,1,2,RB
2495207,2016,16,0,0,0,0,0,293,1287,9,377,53,3,3,RB
2495207,2017,15,0,0,0,0,0,184,659,6,266,39,1,1,RB
2495227,2011,11,0,0,0,0,0,5,16,0,13,2,0,1,RB
2495227,2012,4,0,0,0,0,0,6,9,0,0,0,0,0,RB
2495227,2013,5,0,0,0,0,0,20,73,0,102,11,1,0,RB
2495241,2011,13,0,0,0,0,0,165,581,0,72,12,1,2,RB
2495241,2012,12,0,0,0,0,0,91,325,4,156,15,0,3,RB
2495241,2013,15,0,0,0,0,0,109,406,4,63,15,2,0,RB
2495241,2014,12,0,0,0,0,0,44,168,2,121,13,0,1,RB
2495269,2011,16,0,0,0,0,0,101,377,2,18,5,0,3,RB
2495269,2012,10,0,0,0,0,0,32,122,3,13,1,0,1,RB
2495269,2013,1,0,0,0,0,0,0,0,0,0,0,0,0,RB
2495328,2011,2,0,0,0,0,0,13,21,0,7,1,0,1,RB
2495328,2012,14,0,0,0,0,0,110,437,4,140,17,0,0,RB
2495328,2013,16,0,0,0,0,0,176,697,1,272,36,0,1,RB
2495328,2014,15,0,0,0,0,0,33,141,1,92,11,0,0,RB
2495328,2015,11,0,0,0,0,0,70,313,1,388,47,2,2,RB
2495328,2016,16,0,0,0,0,0,131,722,3,388,58,2,1,RB
2495328,2017,15,0,0,0,0,0,178,772,5,170,23,0,1,RB
2495328,2018,7,0,0,0,0,0,80,343,0,110,11,1,2,RB
2495461,2011,1,0,0,0,0,0,0,0,0,0,0,0,0,RB
2495461,2012,16,0,0,0,0,0,59,233,2,158,24,0,2,RB
2495461,2013,3,0,0,0,0,0,4,2,0,0,0,0,0,RB
2495461,2014,10,0,0,0,0,0,10,19,0,0,0,0,0,RB
2495461,2015,11,0,0,0,0,0,78,273,1,176,27,0,1,RB
2495461,2016,16,0,0,0,0,0,74,196,4,263,29,2,1,RB
2495464,2011,13,0,0,0,0,0,17,44,1,32,4,0,1,RB
2495464,2012,10,0,0,0,0,0,19,30,3,8,1,0,0,RB
2495466,2011,10,0,0,0,0,0,122,474,5,46,11,0,1,RB
2495466,2012,16,0,0,0,0,0,156,602,5,29,6,0,0,RB
2495466,2013,11,0,0,0,0,0,78,386,1,68,7,0,0,RB
2495466,2014,13,0,0,0,0,0,226,964,9,145,29,0,3,RB
2495466,2015,12,0,0,0,0,0,166,769,6,405,50,0,2,RB
2495466,2016,16,0,0,0,0,0,205,1043,6,319,46,4,2,RB
2495466,2017,16,0,0,0,0,0,230,1124,12,416,58,0,3,RB
2495466,2018,12,0,0,0,0,0,138,645,6,170,21,1,3,RB
2495467,2011,10,0,0,0,0,0,16,73,0,25,2,0,0,RB
2495467,2012,14,0,0,0,0,0,6,21,0,11,2,0,1,RB
2495467,2013,16,0,0,0,0,0,5,23,0,55,2,0,2,RB
2495467,2014,1,0,0,0,0,0,0,0,0,0,0,0,0,RB
2495467,2015,12,0,0,0,0,0,16,74,0,106,7,1,2,RB
2495467,2016,13,0,0,0,0,0,1,-8,0,43,4,0,0,RB
2495467,2017,8,0,0,0,0,0,0,0,0,11,1,0,0,RB
2495467,2018,6,0,0,0,0,0,0,0,0,0,0,0,0,RB
2495468,2012,14,0,0,0,0,0,215,798,9,214,34,0,3,RB
2495468,2013,3,0,0,0,0,0,2,9,0,0,0,0,0,RB
2495469,2011,15,0,0,0,0,0,23,102,1,-3,1,0,1,RB
2495469,2012,9,0,0,0,0,0,13,69,1,24,2,0,0,RB
2495469,2015,7,0,0,0,0,0,49,234,2,388,36,2,2,RB
2495469,2016,7,0,0,0,0,0,64,283,0,94,17,0,1,RB
2495469,2017,16,0,0,0,0,0,180,896,6,214,32,3,0,RB
2495469,2018,16,0,0,0,0,0,155,517,1,400,59,1,1,RB
2495470,2011,16,0,0,0,0,0,87,441,1,13,3,0,1,RB
2495470,2012,16,0,0,0,0,0,290,1263,12,51,6,0,4,RB
2495470,2013,14,0,0,0,0,0,178,773,7,62,10,0,4,RB
2495470,2014,6,0,0,0,0,0,94,340,2,20,4,0,0,RB
2495470,2015,8,0,0,0,0,0,36,90,0,-2,4,0,0,RB
2495470,2016,1,0,0,0,0,0,3,7,0,0,0,0,0,RB
2495470,2017,2,0,0,0,0,0,26,108,1,0,0,0,0,RB
2495470,2018,10,0,0,0,0,0,29,80,1,18,3,0,2,RB
2495471,2011,16,0,0,0,0,0,57,205,1,188,21,1,1,RB
2495471,2012,16,0,0,0,0,0,94,362,1,402,53,1,0,RB
2495471,2013,15,0,0,0,0,0,96,332,2,341,52,2,1,RB
2495471,2014,16,0,0,0,0,0,58,217,1,173,29,1,1,RB
2495471,2015,5,0,0,0,0,0,14,41,0,10,1,0,0,RB
2495471,2016,10,0,0,0,0,0,129,560,2,98,13,0,0,RB
2495471,2017,16,0,0,0,0,0,64,244,1,74,9,0,0,RB
2495471,2018,16,0,0,0,0,0,33,106,1,304,38,0,1,RB
2495472,2012,1,0,0,0,0,0,3,8,0,0,1,0,0,RB
2495472,2013,16,0,0,0,0,0,76,256,2,116,14,1,0,RB
2495472,2014,16,0,0,0,0,0,32,186,1,198,25,1,0,RB
2495472,2015,11,0,0,0,0,0,4,22,0,0,0,0,0,RB
2495472,2016,16,0,0,0,0,0,9,59,0,0,0,0,0,RB
2495472,2017,14,0,0,0,0,0,0,0,0,0,0,0,0,RB
2495473,2011,5,0,0,0,0,0,15,57,1,0,0,0,0,RB
2495473,2012,13,0,0,0,0,0,62,251,3,149,8,1,1,RB
2495473,2013,8,0,0,0,0,0,44,208,1,427,47,3,1,RB
2495473,2014,16,0,0,0,0,0,96,391,2,447,52,3,0,RB
2495473,2015,16,0,0,0,0,0,61,260,0,494,59,4,1,RB
2495473,2016,5,0,0,0,0,0,33,158,1,94,11,0,2,RB
2495473,2017,16,0,0,0,0,0,45,164,0,253,44,0,0,RB
2495474,2012,5,0,0,0,0,0,58,164,0,44,7,0,2,RB
2495560,2007,12,0,0,0,0,0,23,190,1,12,2,0,2,RB
2495560,2008,15,0,0,0,0,0,67,355,1,42,5,1,3,RB
2495560,2009,15,0,0,0,0,0,163,778,7,207,21,0,3,RB
2495560,2010,16,0,0,0,0,0,276,1235,8,314,47,0,7,RB
2495560,2011,12,0,0,0,0,0,171,659,9,267,34,2,1,RB
2495560,2012,14,0,0,0,0,0,221,1015,6,245,23,0,3,RB
2495560,2013,3,0,0,0,0,0,41,186,2,42,7,0,0,RB
2495560,2014,10,0,0,0,0,0,90,425,2,300,38,6,3,RB
2495560,2015,6,0,0,0,0,0,31,85,0,64,10,3,0,RB
2495660,2007,16,0,0,0,0,0,86,303,0,183,30,0,0,RB
2495660,2008,2,0,0,0,0,0,2,7,0,0,0,0,0,RB
2495660,2009,14,0,0,0,0,0,27,84,0,217,30,0,1,RB
2495660,2010,11,0,0,0,0,0,9,61,0,137,20,1,0,RB
2495660,2011,13,0,0,0,0,0,17,85,0,210,22,0,0,RB
2495660,2012,15,0,0,0,0,0,33,106,0,67,11,0,0,RB
2495660,2013,16,0,0,0,0,0,47,182,0,179,29,0,0,RB
2495660,2014,1,0,0,0,0,0,0,0,0,15,1,0,0,RB
2495663,2007,13,0,0,0,0,0,280,1115,7,184,18,0,2,RB
2495663,2008,15,0,0,0,0,0,250,1036,8,300,47,1,2,RB
2495663,2009,13,0,0,0,0,0,120,450,2,179,28,0,3,RB
2495663,2010,16,0,0,0,0,0,202,737,6,145,22,0,4,RB
2495663,2011,15,0,0,0,0,0,285,1204,12,212,28,1,3,RB
2495663,2012,16,0,0,0,0,0,315,1590,11,196,23,1,5,RB
2495663,2013,16,0,0,0,0,0,301,1257,12,316,36,2,4,RB
2495663,2014,16,0,0,0,0,0,280,1306,13,367,37,4,3,RB
2495663,2015,7,0,0,0,0,0,111,417,3,80,13,0,0,RB
2495663,2017,15,0,0,0,0,0,207,891,7,151,20,0,1,RB
2495663,2018,6,0,0,0,0,0,90,376,3,84,15,0,0,RB
2495744,2007,7,0,0,0,0,0,13,43,1,0,0,0,0,RB
2495744,2008,16,0,0,0,0,0,15,62,0,89,8,0,0,RB
2495744,2009,14,0,0,0,0,0,142,613,4,259,30,1,2,RB
2495744,2010,14,0,0,0,0,0,87,324,2,303,44,3,2,RB
2495744,2011,15,0,0,0,0,0,44,151,0,179,26,1,0,RB
2495744,2012,16,0,0,0,0,0,18,63,0,203,31,1,1,RB
2495744,2013,14,0,0,0,0,0,44,164,1,216,29,3,0,RB
2495772,2007,1,0,0,0,0,0,0,0,0,0,0,0,0,RB
2495772,2008,6,0,0,0,0,0,2,15,0,0,0,0,0,RB
2495772,2009,8,0,0,0,0,0,13,73,1,15,3,0,1,RB
2495772,2010,14,0,0,0,0,0,20,73,0,67,7,0,0,RB
2495772,2011,16,0,0,0,0,0,46,163,0,170,27,0,0,RB
2495772,2012,16,0,0,0,0,0,11,51,0,100,14,0,0,RB
2495793,2006,16,0,0,0,0,0,226,1081,7,325,40,1,2,RB
2495793,2007,15,0,0,0,0,0,261,1072,12,364,41,3,0,RB
2495793,2008,12,0,0,0,0,0,155,544,5,206,25,2,1,RB
2495793,2009,15,0,0,0,0,0,219,828,10,336,51,3,1,RB
2495793,2010,8,0,0,0,0,0,116,495,4,124,19,0,2,RB
2495793,2011,12,0,0,0,0,0,118,433,1,93,15,0,1,RB
2495831,2006,16,0,0,0,0,0,166,941,13,436,46,2,1,RB
2495831,2007,15,0,0,0,0,0,167,768,9,407,40,0,2,RB
2495831,2008,16,0,0,0,0,0,197,824,12,565,62,2,6,RB
2495831,2009,16,0,0,0,0,0,312,1391,15,374,53,1,2,RB
2495831,2010,14,0,0,0,0,0,299,1324,5,317,34,2,2,RB
2495831,2011,16,0,0,0,0,0,343,1606,8,374,43,3,6,RB
2495831,2012,6,0,0,0,0,0,86,414,1,86,14,1,2,RB
2495831,2013,15,0,0,0,0,0,234,803,5,314,43,0,1,RB
2495831,2014,12,0,0,0,0,0,43,96,0,71,11,0,1,RB
2495979,2006,13,0,0,0,0,0,121,501,1,313,33,1,1,RB
2495979,2007,16,0,0,0,0,0,144,717,4,175,23,1,1,RB
2495979,2008,16,0,0,0,0,0,273,1515,18,121,22,2,0,RB
2495979,2009,13,0,0,0,0,0,216,1117,7,252,29,0,3,RB
2495979,2010,6,0,0,0,0,0,87,361,1,61,11,0,1,RB
2495979,2011,16,0,0,0,0,0,155,836,7,135,16,0,0,RB
2495979,2012,16,0,0,0,0,0,173,737,5,187,13,2,2,RB
2495979,2013,15,0,0,0,0,0,201,843,3,333,26,1,3,RB
2495979,2014,6,0,0,0,0,0,62,219,0,44,5,0,1,RB
2495979,2015,16,0,0,0,0,0,200,907,11,367,40,0,4,RB
2495979,2016,9,0,0,0,0,0,98,343,4,118,18,2,0,RB
2503715,1999,12,0,0,0,0,0,253,884,2,172,28,0,6,RB
2503715,2000,10,0,0,0,0,0,248,1000,8,409,44,1,6,RB
2503715,2001,16,0,0,0,0,0,313,1245,6,511,60,1,8,RB
2503715,2002,16,0,0,0,0,0,383,1853,16,363,47,1,7,RB
2503715,2003,16,0,0,0,0,0,392,1372,9,351,50,1,7,RB
2503715,2005,12,0,0,0,0,0,168,743,6,93,17,0,1,RB
2503715,2007,1,0,0,0,0,0,6,15,0,0,0,0,1,RB
2503715,2008,16,0,0,0,0,0,160,659,4,219,29,1,5,RB
2503715,2009,16,0,0,0,0,0,241,1121,11,264,35,2,5,RB
2503715,2010,16,0,0,0,0,0,159,673,2,141,19,1,4,RB
2503715,2011,16,0,0,0,0,0,108,444,2,83,13,0,2,RB
2504252,2000,14,0,0,0,0,0,112,373,2,208,32,0,4,RB
2504252,2001,16,0,0,0,0,0,112,380,5,151,21,0,2,RB
2504252,2002,9,0,0,0,0,0,138,511,2,113,20,0,3,RB
2504252,2003,16,0,0,0,0,0,137,627,3,180,24,0,4,RB
2504252,2004,14,0,0,0,0,0,240,948,7,427,56,0,2,RB
2504252,2005,15,0,0,0,0,0,314,1335,9,143,26,0,2,RB
2504252,2006,16,0,0,0,0,0,296,1210,6,154,36,0,1,RB
2504252,2007,16,0,0,0,0,0,310,1119,1,217,28,1,2,RB
2504252,2008,16,0,0,0,0,0,290,1312,13,207,36,2,2,RB
2504252,2009,16,0,0,0,0,0,331,1402,14,58,10,0,2,RB
2504252,2010,16,0,0,0,0,0,245,896,6,122,14,0,3,RB
2504252,2011,16,0,0,0,0,0,153,478,0,43,5,0,0,RB
2504778,2001,16,0,0,0,0,0,339,1236,10,367,59,0,8,RB
2504778,2002,16,0,0,0,0,0,372,1683,14,489,79,1,3,RB
2504778,2003,16,0,0,0,0,0,313,1645,13,725,100,4,2,RB
2504778,2004,15,0,0,0,0,0,339,1335,17,441,53,1,6,RB
2504778,2005,16,0,0,0,0,0,339,1462,18,370,51,2,3,RB
2504778,2006,16,0,0,0,0,0,348,1815,28,508,56,3,2,RB
2504778,2007,16,0,0,0,0,0,315,1474,15,475,60,3,0,RB
2504778,2008,16,0,0,0,0,0,292,1110,11,426,52,1,1,RB
2504778,2009,14,0,0,0,0,0,223,730,12,154,20,0,2,RB
2504778,2010,15,0,0,0,0,0,219,914,6,368,52,0,4,RB
2504778,2011,14,0,0,0,0,0,75,280,1,449,42,2,0,RB
2505052,2002,11,0,0,0,0,0,32,153,0,25,3,0,1,RB
2505052,2003,16,0,0,0,0,0,38,239,0,32,4,1,2,RB
2505052,2004,15,0,0,0,0,0,30,126,0,53,9,0,0,RB
2505052,2005,16,0,0,0,0,0,71,288,1,48,5,0,0,RB
2505052,2006,16,0,0,0,0,0,161,604,0,46,11,0,1,RB
2505052,2007,14,0,0,0,0,0,140,628,4,213,23,1,1,RB
2505052,2008,13,0,0,0,0,0,132,574,0,136,19,2,1,RB
2505052,2009,14,0,0,0,0,0,93,384,2,210,26,0,1,RB
2505052,2010,14,0,0,0,0,0,90,336,5,170,25,0,1,RB
2505052,2011,16,0,0,0,0,0,80,316,1,230,26,1,1,RB
2505380,2004,9,0,0,0,0,0,13,73,0,0,0,0,0,RB
2505380,2005,16,0,0,0,0,0,28,83,0,0,0,0,1,RB
2505380,2006,16,0,0,0,0,0,11,59,0,4,1,0,0,RB
2505380,2007,15,0,0,0,0,0,222,898,10,324,49,0,1,RB
2505380,2008,10,0,0,0,0,0,132,563,4,174,23,0,2,RB
2505380,2009,13,0,0,0,0,0,14,66,0,109,14,0,0,RB
2505380,2010,12,0,0,0,0,0,20,99,1,130,16,1,1,RB
2505380,2011,7,0,0,0,0,0,37,206,0,163,26,0,1,RB
2505674,2004,16,0,0,0,0,0,284,1128,13,169,22,0,4,RB
2505674,2005,16,0,0,0,0,0,325,1247,5,178,28,0,1,RB
2505674,2006,14,0,0,0,0,0,259,990,6,156,18,0,4,RB
2505674,2007,15,0,0,0,0,0,294,1207,7,231,43,1,4,RB
2505674,2008,13,0,0,0,0,0,170,671,7,173,24,0,3,RB
2505674,2009,16,0,0,0,0,0,109,544,12,85,15,2,1,RB
2505674,2010,15,0,0,0,0,0,100,380,5,55,14,1,2,RB
2505674,2011,15,0,0,0,0,0,249,1199,4,51,12,1,4,RB
2505674,2012,10,0,0,0,0,0,167,731,4,221,26,0,5,RB
2505674,2013,12,0,0,0,0,0,138,377,2,20,8,0,1,RB
2505936,2004,14,0,0,0,0,0,134,673,4,189,19,0,1,RB
2505936,2005,15,0,0,0,0,0,254,1046,8,320,43,2,3,RB
2505936,2006,16,0,0,0,0,0,346,1528,13,806,90,3,4,RB
2505936,2007,12,0,0,0,0,0,237,1002,5,271,38,1,5,RB
2505936,2008,12,0,0,0,0,0,253,1042,7,379,40,1,5,RB
2505936,2009,15,0,0,0,0,0,324,1416,4,322,51,0,2,RB
2505936,2010,16,0,0,0,0,0,330,1241,6,383,46,0,1,RB
2505936,2011,15,0,0,0,0,0,260,1145,5,333,42,1,2,RB
2505936,2012,16,0,0,0,0,0,258,1045,4,321,38,0,0,RB
2505936,2013,12,0,0,0,0,0,157,543,6,191,33,1,0,RB
2505936,2014,15,0,0,0,0,0,190,707,6,148,20,0,0,RB
2505936,2015,2,0,0,0,0,0,21,50,1,20,1,0,0,RB
2505967,2004,5,0,0,0,0,0,0,0,0,0,0,0,1,RB
2505967,2005,14,0,0,0,0,0,35,123,0,13,2,0,0,RB
2505967,2006,8,0,0,0,0,0,0,0,0,0,0,0,1,RB
2505967,2007,8,0,0,0,0,0,125,602,3,179,26,1,2,RB
2505967,2008,16,0,0,0,0,0,182,1025,2,384,41,0,2,RB
2505967,2009,14,0,0,0,0,0,114,409,1,150,20,2,0,RB
2505967,2010,16,0,0,0,0,0,50,315,4,61,7,0,0,RB
2505967,2011,12,0,0,0,0,0,45,154,2,0,0,0,0,RB
2506014,2004,14,0,0,0,0,0,20,104,0,8,4,0,1,RB
2506014,2005,16,0,0,0,0,0,57,335,3,0,0,0,0,RB
2506014,2006,13,0,0,0,0,0,80,502,2,47,3,0,0,RB
2506014,2007,16,0,0,0,0,0,71,316,1,16,4,0,1,RB
2506014,2008,16,0,0,0,0,0,377,1699,17,41,6,0,3,RB
2506014,2009,11,0,0,0,0,0,178,871,10,35,5,0,4,RB
2506014,2010,16,0,0,0,0,0,334,1371,12,85,12,0,2,RB
2506014,2011,16,0,0,0,0,0,301,1340,11,168,17,0,3,RB
2506014,2012,16,0,0,0,0,0,222,800,10,128,19,1,3,RB
2506140,2007,15,0,0,0,0,0,188,956,8,145,30,0,1,RB
2506140,2008,16,0,0,0,0,0,312,1203,4,116,18,1,4,RB
2506140,2009,16,0,0,0,0,0,282,1253,11,197,25,0,1,RB
2506140,2010,1,0,0,0,0,0,8,45,0,0,0,0,0,RB
2506140,2011,15,0,0,0,0,0,134,559,2,268,19,1,1,RB
2506140,2012,5,0,0,0,0,0,32,132,2,34,1,0,1,RB
2506341,2005,15,0,0,0,0,0,207,907,4,232,32,1,4,RB
2506341,2006,13,0,0,0,0,0,241,1008,5,276,33,0,4,RB
2506341,2007,7,0,0,0,0,0,119,602,4,389,39,1,0,RB
2506341,2008,16,0,0,0,0,0,214,916,10,254,33,0,1,RB
2506341,2009,9,0,0,0,0,0,147,648,8,98,14,0,1,RB
2506341,2010,16,0,0,0,0,0,200,734,5,242,33,0,3,RB
2506341,2011,16,0,0,0,0,0,42,136,1,0,0,0,1,RB
2506341,2012,14,0,0,0,0,0,46,220,0,371,49,0,0,RB
2506341,2013,16,0,0,0,0,0,45,157,1,60,8,0,0,RB
2506341,2014,10,0,0,0,0,0,20,63,0,44,5,0,0,RB
2506343,2005,9,0,0,0,0,0,67,272,0,3,1,0,1,RB
2506343,2006,15,0,0,0,0,0,157,647,6,54,8,0,0,RB
2506343,2007,11,0,0,0,0,0,196,674,4,123,17,0,3,RB
2506343,2008,12,0,0,0,0,0,214,747,2,185,20,0,2,RB
2506343,2009,13,0,0,0,0,0,301,1251,6,111,17,0,1,RB
2506343,2010,16,0,0,0,0,0,321,1111,7,178,28,1,7,RB
2506343,2011,15,0,0,0,0,0,273,1067,6,82,15,0,5,RB
2506343,2012,5,0,0,0,0,0,71,248,1,97,14,0,1,RB
2506344,2005,14,0,0,0,0,0,290,1178,6,81,20,0,3,RB
2506344,2006,14,0,0,0,0,0,225,798,1,196,30,0,3,RB
2506344,2007,4,0,0,0,0,0,54,208,3,17,3,0,2,RB
2506344,2008,6,0,0,0,0,0,63,233,4,43,7,0,1,RB
2506344,2009,16,0,0,0,0,0,211,823,4,217,28,3,1,RB
2506344,2010,16,0,0,0,0,0,125,437,2,355,46,1,1,RB
2506344,2011,11,0,0,0,0,0,87,361,1,93,14,0,1,RB
2506404,2005,14,0,0,0,0,0,127,608,3,131,15,0,2,RB
2506404,2006,16,0,0,0,0,0,312,1695,8,485,61,1,6,RB
2506404,2007,15,0,0,0,0,0,260,1102,5,436,53,1,4,RB
2506404,2008,14,0,0,0,0,0,240,1036,6,373,43,2,6,RB
2506404,2009,14,0,0,0,0,0,229,1120,10,406,52,3,4,RB
2506404,2010,11,0,0,0,0,0,203,853,3,452,46,2,4,RB
2506404,2011,16,0,0,0,0,0,282,1211,8,114,17,0,2,RB
2506404,2012,16,0,0,0,0,0,258,1214,8,234,28,1,2,RB
2506404,2013,16,0,0,0,0,0,276,1128,9,141,16,0,3,RB
2506404,2014,16,0,0,0,0,0,255,1106,4,111,11,1,2,RB
2506404,2015,16,0,0,0,0,0,260,967,6,267,34,1,4,RB
2506404,2016,16,0,0,0,0,0,263,1025,4,277,38,4,2,RB
2506404,2017,16,0,0,0,0,0,261,961,3,245,29,1,3,RB
2506404,2018,14,0,0,0,0,0,156,722,0,124,12,1,1,RB
2506447,2005,13,0,0,0,0,0,138,538,5,115,18,0,3,RB
2506447,2006,16,0,0,0,0,0,135,654,14,196,23,2,0,RB
2506447,2007,16,0,0,0,0,0,204,975,10,282,44,2,3,RB
2506447,2008,15,0,0,0,0,0,238,885,7,417,52,2,7,RB
2506447,2009,15,0,0,0,0,0,214,932,7,221,26,0,2,RB
2506447,2010,13,0,0,0,0,0,113,374,4,49,11,0,0,RB
2506447,2011,11,0,0,0,0,0,114,422,6,50,5,0,1,RB
2506448,2005,16,0,0,0,0,0,38,99,7,0,0,0,1,RB
2506448,2006,15,0,0,0,0,0,96,423,9,149,11,0,2,RB
2506448,2007,11,0,0,0,0,0,202,1009,4,174,23,2,5,RB
2506448,2008,13,0,0,0,0,0,219,1089,15,36,6,0,3,RB
2506448,2009,15,0,0,0,0,0,224,835,5,184,18,1,2,RB
2506448,2010,16,0,0,0,0,0,147,823,9,59,7,0,2,RB
2506448,2011,14,0,0,0,0,0,152,571,7,128,15,1,3,RB
2506448,2012,2,0,0,0,0,0,5,7,0,0,0,0,0,RB
2506448,2013,7,0,0,0,0,0,58,238,4,13,2,0,1,RB
2506467,2005,15,0,0,0,0,0,8,50,0,10,3,0,3,RB
2506467,2007,15,0,0,0,0,0,37,164,2,31,10,0,1,RB
2506467,2008,16,0,0,0,0,0,61,330,1,342,29,5,3,RB
2506467,2009,16,0,0,0,0,0,93,343,3,497,45,4,3,RB
2506467,2010,16,0,0,0,0,0,50,267,0,520,59,2,3,RB
2506467,2011,16,0,0,0,0,0,87,603,2,710,86,7,0,RB
2506467,2012,13,0,0,0,0,0,48,244,1,667,75,7,0,RB
2506467,2013,15,0,0,0,0,0,53,220,2,604,71,2,2,RB
2506467,2014,15,0,0,0,0,0,57,329,6,387,40,0,4,RB
2506467,2015,16,0,0,0,0,0,83,317,3,388,55,1,2,RB
2506467,2016,15,0,0,0,0,0,94,438,2,427,52,2,1,RB
2506467,2017,3,0,0,0,0,0,15,61,0,73,7,0,1,RB
2506467,2018,6,0,0,0,0,0,29,120,1,160,15,2,0,RB
2506817,2006,14,0,0,0,0,0,0,0,0,0,0,0,0,RB
2506817,2007,16,0,0,0,0,0,0,0,0,0,0,0,0,RB
2506817,2008,16,0,0,0,0,0,2,43,2,17,2,0,0,RB
2506817,2009,16,0,0,0,0,0,2,1,0,0,0,0,0,RB
2506817,2010,16,0,0,0,0,0,0,0,0,0,0,0,0,RB
2506817,2011,13,0,0,0,0,0,10,39,0,2,2,0,0,RB
2506817,2012,13,0,0,0,0,0,42,209,1,113,8,0,0,RB
2506817,2013,1,0,0,0,0,0,0,0,0,0,0,0,0,RB
2506817,2014,6,0,0,0,0,0,0,0,0,0,0,0,0,RB
2506871,2007,8,0,0,0,0,0,58,300,0,190,22,0,0,RB
2506871,2008,16,0,0,0,0,0,130,571,3,317,37,0,3,RB
2506871,2009,16,0,0,0,0,0,237,1062,2,371,46,2,4,RB
2506871,2010,16,0,0,0,0,0,222,927,5,215,31,2,5,RB
2506871,2011,10,0,0,0,0,0,170,934,6,442,39,0,2,RB
2506871,2012,10,0,0,0,0,0,115,437,3,217,34,1,5,RB
2506871,2013,16,0,0,0,0,0,206,890,9,387,47,1,3,RB
2506871,2014,14,0,0,0,0,0,141,525,2,501,66,1,5,RB
2506871,2015,16,0,0,0,0,0,26,100,0,257,32,2,1,RB
2506874,2006,16,0,0,0,0,0,155,565,6,742,88,2,2,RB
2506874,2007,12,0,0,0,0,0,157,581,4,417,73,2,8,RB
2506874,2008,10,0,0,0,0,0,106,404,2,440,52,4,3,RB
2506874,2009,14,0,0,0,0,0,70,390,5,335,47,3,4,RB
2506874,2010,8,0,0,0,0,0,36,150,0,208,34,1,2,RB
2506874,2011,15,0,0,0,0,0,216,1086,6,296,43,1,4,RB
2506874,2012,16,0,0,0,0,0,227,986,6,292,35,2,4,RB
2506874,2013,14,0,0,0,0,0,223,1006,4,506,54,3,5,RB
2506874,2014,11,0,0,0,0,0,76,297,2,253,40,0,0,RB
2506874,2015,5,0,0,0,0,0,8,28,0,19,4,0,0,RB
2506874,2016,13,0,0,0,0,0,12,-3,1,90,7,0,1,RB
2507141,2007,12,0,0,0,0,0,52,252,1,151,17,1,0,RB
2507141,2008,15,0,0,0,0,0,129,625,9,284,31,3,1,RB
2507141,2009,14,0,0,0,0,0,147,793,6,302,39,2,2,RB
2507141,2010,6,0,0,0,0,0,83,269,2,201,29,0,0,RB
2507141,2011,16,0,0,0,0,0,110,562,5,425,50,1,1,RB
2507141,2012,15,0,0,0,0,0,105,473,1,354,39,1,0,RB
2507141,2013,16,0,0,0,0,0,147,549,2,513,77,3,2,RB
2507141,2014,11,0,0,0,0,0,45,222,2,378,45,1,0,RB
2507141,2015,5,0,0,0,0,0,15,64,0,84,9,0,0,RB
2507164,2007,14,0,0,0,0,0,238,1341,12,268,19,1,4,RB
2507164,2008,16,0,0,0,0,0,363,1760,10,125,21,0,9,RB
2507164,2009,16,0,0,0,0,0,314,1383,18,436,43,0,7,RB
2507164,2010,15,0,0,0,0,0,283,1298,12,341,36,1,1,RB
2507164,2011,12,0,0,0,0,0,208,970,12,139,18,1,1,RB
2507164,2012,16,0,0,0,0,0,348,2097,12,217,40,1,4,RB
2507164,2013,14,0,0,0,0,0,279,1266,10,171,29,1,5,RB
2507164,2014,1,0,0,0,0,0,21,75,0,18,2,0,0,RB
2507164,2015,16,0,0,0,0,0,327,1485,11,222,30,0,7,RB
2507164,2016,3,0,0,0,0,0,37,72,0,8,3,0,1,RB
2507164,2017,10,0,0,0,0,0,156,529,2,70,11,0,3,RB
2507164,2018,16,0,0,0,0,0,251,1042,7,208,20,1,3,RB
2507192,2008,15,0,0,0,0,0,95,421,3,162,19,0,1,RB
2507192,2009,16,0,0,0,0,0,123,589,3,105,17,0,2,RB
2507192,2010,14,0,0,0,0,0,158,655,8,194,18,0,0,RB
2507192,2011,16,0,0,0,0,0,256,977,7,418,37,1,1,RB
2507192,2012,13,0,0,0,0,0,114,411,5,83,9,0,1,RB
2507192,2013,15,0,0,0,0,0,63,197,3,48,4,1,0,RB
2507278,2007,3,0,0,0,0,0,14,47,1,4,1,0,0,RB
2507278,2008,9,0,0,0,0,0,0,0,0,-2,1,0,0,RB
2507278,2009,5,0,0,0,0,0,7,21,0,-3,2,0,0,RB
2507278,2010,16,0,0,0,0,0,20,50,1,9,1,0,0,RB
2507278,2011,15,0,0,0,0,0,149,597,2,68,9,0,0,RB
2507278,2012,16,0,0,0,0,0,95,311,3,108,15,1,0,RB
2507278,2013,16,0,0,0,0,0,36,142,1,36,4,0,0,RB
2507278,2014,16,0,0,0,0,0,5,9,1,28,5,0,0,RB
2507428,2008,13,0,0,0,0,0,13,37,0,171,13,1,0,RB
2507428,2009,16,0,0,0,0,0,25,148,1,192,17,3,1,RB
2507428,2010,15,0,0,0,0,0,182,735,11,216,25,0,5,RB
2507428,2011,15,0,0,0,0,0,121,490,8,433,54,2,2,RB
2507428,2012,16,0,0,0,0,0,54,183,7,268,27,0,0,RB
2507428,2013,16,0,0,0,0,0,101,361,5,184,27,2,0,RB
2507428,2014,8,0,0,0,0,0,37,78,0,93,12,0,0,RB
2507428,2015,16,0,0,0,0,0,62,256,1,154,18,3,0,RB
2507428,2016,16,0,0,0,0,0,35,114,0,72,10,1,0,RB
2507428,2017,12,0,0,0,0,0,66,247,1,78,14,0,2,RB
2507476,2008,16,0,0,0,0,0,238,976,8,286,39,0,2,RB
2507476,2009,13,0,0,0,0,0,217,747,4,415,41,1,3,RB
2507476,2010,6,0,0,0,0,0,34,133,0,123,11,0,0,RB
2507476,2011,7,0,0,0,0,0,72,356,4,179,22,3,1,RB
2507476,2012,12,0,0,0,0,0,37,134,1,79,10,1,0,RB
2507518,2008,1,0,0,0,0,0,13,83,0,5,1,0,1,RB
2507518,2010,10,0,0,0,0,0,41,158,0,16,3,0,1,RB
2507518,2011,16,0,0,0,0,0,96,402,1,148,16,1,2,RB
2507518,2012,15,0,0,0,0,0,42,158,1,61,7,1,1,RB
2507591,2009,1,0,0,0,0,0,0,0,0,0,0,0,0,RB
2507591,2010,16,0,0,0,0,0,52,247,0,72,9,2,1,RB
2507591,2011,16,0,0,0,0,0,110,479,3,78,18,0,2,RB
2507591,2012,14,0,0,0,0,0,110,410,2,244,19,0,3,RB
2507591,2013,3,0,0,0,0,0,10,12,0,14,4,0,1,RB
2507779,2009,11,0,0,0,0,0,78,281,3,169,11,0,1,RB
2507779,2010,13,0,0,0,0,0,129,497,2,205,20,0,0,RB
2507779,2011,16,0,0,0,0,0,134,645,5,86,16,0,0,RB
2507779,2012,10,0,0,0,0,0,108,417,1,93,9,0,0,RB
2507779,2013,16,0,0,0,0,0,102,537,6,214,27,2,0,RB
2507779,2014,13,0,0,0,0,0,85,223,0,211,29,0,1,RB
2507779,2015,10,0,0,0,0,0,59,229,1,88,8,0,1,RB
2507790,2010,4,0,0,0,0,0,2,-1,0,0,0,0,0,RB
2507790,2012,10,0,0,0,0,0,73,385,8,86,12,0,0,RB
2507790,2013,8,0,0,0,0,0,139,492,3,103,20,0,3,RB
2507897,2010,1,0,0,0,0,0,0,0,0,0,0,0,0,RB
2507897,2011,15,0,0,0,0,0,30,102,1,21,3,0,0,RB
2507897,2012,11,0,0,0,0,0,0,0,0,21,2,0,0,RB
2507897,2013,16,0,0,0,0,0,18,54,1,68,10,0,2,RB
2507897,2014,6,0,0,0,0,0,7,19,0,11,3,0,0,RB
2507999,2010,12,0,0,0,0,0,137,716,5,17,1,0,4,RB
2507999,2011,6,0,0,0,0,0,79,374,1,0,0,0,0,RB
2507999,2012,6,0,0,0,0,0,40,217,2,15,2,0,0,RB
2507999,2013,15,0,0,0,0,0,182,833,3,10,2,0,2,RB
2507999,2014,16,0,0,0,0,0,198,821,6,123,18,1,2,RB
2507999,2015,15,0,0,0,0,0,247,1070,7,217,30,1,4,RB
2507999,2016,11,0,0,0,0,0,117,439,3,186,20,0,5,RB
2507999,2017,14,0,0,0,0,0,112,382,1,175,21,1,2,RB
2507999,2018,13,0,0,0,0,0,115,385,1,205,13,0,1,RB
2508119,2011,4,0,0,0,0,0,3,11,0,6,1,0,0,RB
2508119,2012,12,0,0,0,0,0,135,464,0,125,18,0,1,RB
2508119,2013,13,0,0,0,0,0,11,35,0,8,2,0,0,RB
2530690,2011,5,0,0,0,0,0,9,42,0,4,1,0,0,RB
2530690,2012,4,0,0,0,0,0,34,157,2,17,2,0,0,RB
2530690,2014,15,0,0,0,0,0,16,64,0,11,1,0,0,RB
2530690,2015,4,0,0,0,0,0,48,189,0,97,9,0,1,RB
2530690,2016,10,0,0,0,0,0,38,138,0,115,8,1,2,RB
2531056,2012,13,0,0,0,0,0,60,217,0,132,19,0,2,RB
2532797,2012,10,0,0,0,0,0,56,274,2,11,2,0,0,RB
2532797,2013,12,0,0,0,0,0,55,271,3,152,21,0,0,RB
2532797,2014,16,0,0,0,0,0,28,89,1,8,2,0,0,RB
2532797,2015,15,0,0,0,0,0,63,207,0,180,19,2,0,RB
2532797,2016,14,0,0,0,0,0,1,4,0,15,2,0,0,RB
2532797,2017,16,0,0,0,0,0,13,67,0,7,1,0,0,RB
2532797,2018,16,0,0,0,0,0,8,91,2,13,3,1,1,RB
2532864,2012,3,0,0,0,0,0,4,5,0,0,0,0,0,RB
2532864,2013,6,0,0,0,0,0,5,33,0,57,1,0,0,RB
2532864,2014,16,0,0,0,0,0,78,351,1,173,21,0,2,RB
2532864,2015,10,0,0,0,0,0,25,79,0,47,9,0,1,RB
2532899,2012,16,0,0,0,0,0,319,1454,11,472,49,1,1,RB
2532899,2013,6,0,0,0,0,0,127,456,1,66,12,0,2,RB
2532899,2014,11,0,0,0,0,0,134,494,2,64,13,0,0,RB
2532899,2015,16,0,0,0,0,0,288,1402,6,271,33,1,5,RB
2532899,2016,8,0,0,0,0,0,144,421,3,134,14,0,1,RB
2532899,2017,11,0,0,0,0,0,138,406,3,84,9,0,1,RB
2532899,2018,16,0,0,0,0,0,172,723,4,116,18,0,3,RB
2532926,2012,15,0,0,0,0,0,10,54,0,16,3,0,2,RB
2532926,2013,10,0,0,0,0,0,7,21,0,78,11,0,0,RB
2532926,2015,2,0,0,0,0,0,2,3,0,0,0,0,1,RB
2532926,2016,3,0,0,0,0,0,8,22,0,6,1,0,0,RB
2533012,2012,16,0,0,0,0,0,211,814,2,152,17,1,3,RB
2533012,2013,1,0,0,0,0,0,13,63,0,-5,1,0,0,RB
2533030,2014,8,0,0,0,0,0,89,412,5,7,1,0,0,RB
2533030,2015,8,0,0,0,0,0,45,176,0,76,7,0,0,RB
2533032,2012,15,0,0,0,0,0,267,950,11,367,51,1,3,RB
2533032,2013,16,0,0,0,0,0,188,563,3,316,35,1,2,RB
2533032,2014,15,0,0,0,0,0,159,519,3,229,27,0,2,RB
2533034,2012,13,0,0,0,0,0,51,250,1,45,6,0,0,RB
2533034,2013,16,0,0,0,0,0,177,709,2,170,26,0,1,RB
2533034,2014,16,0,0,0,0,0,216,1099,8,275,38,1,3,RB
2533034,2015,16,0,0,0,0,0,194,872,8,397,47,2,1,RB
2533034,2016,14,0,0,0,0,0,268,1073,5,188,31,1,2,RB
2533034,2017,16,0,0,0,0,0,238,888,3,327,36,3,1,RB
2533034,2018,14,0,0,0,0,0,210,973,5,163,25,1,1,RB
2533035,2012,16,0,0,0,0,0,71,358,4,34,4,1,1,RB
2533035,2013,5,0,0,0,0,0,44,146,1,8,2,0,2,RB
2533036,2012,4,0,0,0,0,0,27,125,0,29,3,0,1,RB
2533036,2013,10,0,0,0,0,0,12,59,0,16,2,0,2,RB
2533036,2014,3,0,0,0,0,0,5,9,0,0,0,0,0,RB
2533036,2015,1,0,0,0,0,0,0,0,0,0,0,0,1,RB
2533037,2012,7,0,0,0,0,0,0,0,0,0,0,0,0,RB
2533037,2013,15,0,0,0,0,0,11,98,3,61,4,0,0,RB
2533037,2014,14,0,0,0,0,0,46,172,4,16,2,0,1,RB
2533037,2015,15,0,0,0,0,0,99,334,1,109,16,1,0,RB
2533437,2012,14,0,0,0,0,0,85,330,1,62,10,0,2,RB
2533437,2013,10,0,0,0,0,0,55,218,1,119,12,0,2,RB
2533437,2014,8,0,0,0,0,0,106,434,3,139,21,1,1,RB
2533437,2015,16,0,0,0,0,0,207,863,7,111,24,0,3,RB
2533437,2016,8,0,0,0,0,0,41,131,0,93,7,0,0,RB
2533457,2012,16,0,0,0,0,0,335,1613,13,77,11,0,4,RB
2533457,2013,16,0,0,0,0,0,276,1275,7,78,9,0,5,RB
2533457,2014,16,0,0,0,0,0,265,1074,8,155,17,0,2,RB
2533457,2015,16,0,0,0,0,0,202,751,1,55,10,0,0,RB
2533457,2016,14,0,0,0,0,0,69,243,2,11,3,0,0,RB
2533457,2017,14,0,0,0,0,0,115,547,1,45,7,0,0,RB
2533457,2018,12,0,0,0,0,0,111,428,2,73,8,0,2,RB
2533460,2012,16,0,0,0,0,0,80,354,0,181,19,0,0,RB
2533460,2013,16,0,0,0,0,0,77,264,0,60,8,0,1,RB
2533460,2014,16,0,0,0,0,0,74,310,0,186,16,2,1,RB
2533460,2015,10,0,0,0,0,0,50,199,1,23,7,0,0,RB
2533460,2016,15,0,0,0,0,0,47,164,7,179,26,1,0,RB
2533460,2017,6,0,0,0,0,0,23,53,1,56,9,0,0,RB
2533460,2018,2,0,0,0,0,0,4,10,0,3,1,0,1,RB
2533545,2012,16,0,0,0,0,0,108,532,1,47,7,0,0,RB
2533545,2013,16,0,0,0,0,0,152,436,2,104,20,0,0,RB
2533545,2014,13,0,0,0,0,0,93,366,2,13,2,0,1,RB
2533545,2015,7,0,0,0,0,0,6,11,0,7,3,0,0,RB
2534571,2013,15,0,0,0,0,0,150,566,5,46,15,1,1,RB
2534571,2014,15,0,0,0,0,0,94,406,1,315,33,1,3,RB
2534571,2015,16,0,0,0,0,0,5,18,0,16,3,0,8,RB
2534571,2016,15,0,0,0,0,0,17,63,0,153,20,0,1,RB
2534571,2017,4,0,0,0,0,0,1,2,0,18,5,0,0,RB
2534789,2012,16,0,0,0,0,0,98,475,0,163,24,0,3,RB
2534789,2013,8,0,0,0,0,0,69,215,0,121,14,0,0,RB
2534789,2016,3,0,0,0,0,0,2,7,0,0,0,0,0,RB
2534796,2012,16,0,0,0,0,0,115,564,4,56,13,0,4,RB
2534796,2013,16,0,0,0,0,0,75,314,2,84,8,0,0,RB
2534796,2014,7,0,0,0,0,0,36,126,0,176,16,0,1,RB
2534796,2015,3,0,0,0,0,0,25,72,1,0,0,0,0,RB
2535708,2012,12,0,0,0,0,0,21,75,0,33,6,0,1,RB
2535708,2013,9,0,0,0,0,0,30,150,0,59,7,0,1,RB
2535708,2014,16,0,0,0,0,0,29,99,0,217,18,0,0,RB
2535708,2015,4,0,0,0,0,0,5,67,0,215,21,0,0,RB
2535708,2016,13,0,0,0,0,0,9,31,1,122,16,0,1,RB
2535708,2017,4,0,0,0,0,0,11,51,1,1,1,0,0,RB
2539217,2013,15,0,0,0,0,0,118,652,3,371,39,1,1,RB
2539217,2014,12,0,0,0,0,0,201,660,3,395,46,2,2,RB
2539217,2015,10,0,0,0,0,0,45,289,3,148,15,0,1,RB
2539217,2016,16,0,0,0,0,0,34,96,0,85,12,0,0,RB
2539217,2017,12,0,0,0,0,0,20,55,1,369,39,0,0,RB
2539260,2013,16,0,0,0,0,0,20,66,0,0,0,0,3,RB
2539260,2014,13,0,0,0,0,0,135,582,4,124,23,0,2,RB
2539260,2015,13,0,0,0,0,0,67,266,1,164,21,0,3,RB
2539260,2016,13,0,0,0,0,0,41,144,0,22,3,0,0,RB
2539265,2013,1,0,0,0,0,0,0,0,0,0,0,0,0,RB
2539265,2014,9,0,0,0,0,0,9,27,1,49,7,0,0,RB
2539265,2015,16,0,0,0,0,0,4,4,0,94,10,1,1,RB
2539265,2016,16,0,0,0,0,0,74,344,2,145,17,0,1,RB
2539265,2017,10,0,0,0,0,0,64,264,5,254,30,3,1,RB
2539265,2018,8,0,0,0,0,0,57,186,0,131,14,1,2,RB
2539289,2013,8,0,0,0,0,0,6,7,0,7,2,0,1,RB
2539289,2015,10,0,0,0,0,0,28,124,0,22,9,0,1,RB
2539289,2016,13,0,0,0,0,0,27,129,2,42,5,0,0,RB
2539289,2017,13,0,0,0,0,0,16,57,1,56,5,0,3,RB
2539289,2018,9,0,0,0,0,0,19,71,0,3,1,0,1,RB
2539315,2013,16,0,0,0,0,0,36,115,0,71,8,0,0,RB
2539315,2014,14,0,0,0,0,0,63,208,1,79,11,3,0,RB
2539315,2015,16,0,0,0,0,0,17,58,0,4,1,0,0,RB
2539315,2016,15,0,0,0,0,0,4,12,0,0,0,0,0,RB
2539322,2013,4,0,0,0,0,0,18,79,0,0,0,0,0,RB
2539322,2014,10,0,0,0,0,0,34,175,0,12,1,0,1,RB
2539322,2015,8,0,0,0,0,0,54,243,0,16,3,0,0,RB
2539322,2016,15,0,0,0,0,0,148,583,7,107,22,1,2,RB
2539322,2018,1,0,0,0,0,0,2,9,0,0,0,0,0,RB
2539326,2013,11,0,0,0,0,0,19,107,1,30,4,0,2,RB
2539341,2013,16,0,0,0,0,0,120,559,4,145,20,0,3,RB
2539341,2014,5,0,0,0,0,0,55,172,1,62,9,0,1,RB
2539663,2013,3,0,0,0,0,0,6,21,0,0,0,0,0,RB
2539663,2015,5,0,0,0,0,0,47,267,3,29,6,0,1,RB
2539663,2016,15,0,0,0,0,0,101,576,8,50,9,1,1,RB
2539663,2017,9,0,0,0,0,0,104,383,5,15,1,0,1,RB
2539663,2018,4,0,0,0,0,0,16,43,0,9,1,0,1,RB
2539936,2013,8,0,0,0,0,0,49,183,0,46,8,0,0,RB
2539980,2013,1,0,0,0,0,0,0,0,0,0,0,0,0,RB
2539980,2014,5,0,0,0,0,0,53,246,0,11,2,0,1,RB
2539980,2015,6,0,0,0,0,0,27,142,1,16,2,0,1,RB
2539980,2016,10,0,0,0,0,0,18,157,2,6,1,0,0,RB
2539980,2017,16,0,0,0,0,0,120,426,1,93,10,0,0,RB
2540011,2013,4,0,0,0,0,0,0,0,0,0,0,0,0,RB
2540011,2014,2,0,0,0,0,0,3,12,0,27,6,1,0,RB
2540011,2015,13,0,0,0,0,0,35,216,0,240,35,2,2,RB
2540011,2016,16,0,0,0,0,0,68,356,3,349,49,2,2,RB
2540011,2017,10,0,0,0,0,0,64,294,2,510,39,4,3,RB
2540011,2018,10,0,0,0,0,0,43,178,0,268,41,1,1,RB
2540020,2013,14,0,0,0,0,0,9,25,1,26,4,0,0,RB
2540020,2014,14,0,0,0,0,0,20,51,0,316,34,4,0,RB
2540020,2015,16,0,0,0,0,0,43,133,0,697,80,3,1,RB
2540020,2016,10,0,0,0,0,0,92,357,1,371,53,5,0,RB
2540020,2017,16,0,0,0,0,0,84,286,3,444,53,2,1,RB
2540020,2018,14,0,0,0,0,0,40,171,0,384,61,0,0,RB
2540037,2013,14,0,0,0,0,0,28,79,0,155,21,2,1,RB
2540037,2014,10,0,0,0,0,0,32,145,1,60,5,1,0,RB
2540037,2015,15,0,0,0,0,0,25,108,1,64,12,0,0,RB
2540037,2016,16,0,0,0,0,0,57,265,0,226,25,0,1,RB
2540037,2017,12,0,0,0,0,0,7,18,0,47,5,1,0,RB
2540156,2013,16,0,0,0,0,0,170,695,5,514,56,3,1,RB
2540156,2014,13,0,0,0,0,0,168,680,5,349,43,2,0,RB
2540156,2015,16,0,0,0,0,0,154,730,2,472,49,0,2,RB
2540156,2016,10,0,0,0,0,0,91,337,2,336,39,1,1,RB
2540156,2017,16,0,0,0,0,0,105,458,2,389,43,2,0,RB
2540156,2018,12,0,0,0,0,0,56,211,3,218,35,0,0,RB
2540168,2013,15,0,0,0,0,0,284,1178,11,257,35,0,1,RB
2540168,2014,16,0,0,0,0,0,246,1139,9,427,42,4,3,RB
2540168,2015,15,0,0,0,0,0,187,758,3,188,20,2,4,RB
2540168,2016,5,0,0,0,0,0,71,360,0,28,4,0,0,RB
2540168,2017,9,0,0,0,0,0,69,179,0,47,6,0,0,RB
2540171,2013,13,0,0,0,0,0,54,164,2,61,8,0,0,RB
2540171,2014,16,0,0,0,0,0,51,343,3,23,4,0,2,RB
2540171,2015,6,0,0,0,0,0,76,315,4,86,10,0,1,RB
2540175,2013,13,0,0,0,0,0,244,860,8,399,45,0,1,RB
2540175,2014,16,0,0,0,0,0,290,1361,8,854,83,3,0,RB
2540175,2015,6,0,0,0,0,0,113,556,3,136,24,0,0,RB
2540175,2016,12,0,0,0,0,0,261,1268,7,616,75,2,4,RB
2540175,2017,15,0,0,0,0,0,321,1291,9,655,85,2,3,RB
2540178,2013,16,0,0,0,0,0,70,242,4,75,11,0,3,RB
2540178,2014,16,0,0,0,0,0,134,463,6,147,16,1,4,RB
2540178,2015,14,0,0,0,0,0,28,72,1,24,2,0,0,RB
2540178,2016,11,0,0,0,0,0,18,28,0,25,5,0,0,RB
2540204,2013,2,0,0,0,0,0,3,10,0,0,0,0,0,RB
2540204,2015,11,0,0,0,0,0,72,403,6,5,6,0,0,RB
2540204,2016,14,0,0,0,0,0,214,921,3,447,33,2,4,RB
2540204,2018,13,0,0,0,0,0,51,246,2,224,20,0,0,RB
2540224,2013,8,0,0,0,0,0,60,295,0,43,10,0,0,RB
2540224,2014,11,0,0,0,0,0,19,37,0,-5,1,0,0,RB
2540224,2016,4,0,0,0,0,0,4,19,0,22,4,0,0,RB
2540269,2013,5,0,0,0,0,0,7,38,0,0,0,0,0,RB
2540269,2014,15,0,0,0,0,0,179,849,8,324,34,2,1,RB
2540269,2015,15,0,0,0,0,0,152,720,5,183,25,0,2,RB
2540269,2016,7,0,0,0,0,0,110,437,4,128,16,1,0,RB
2540269,2017,16,0,0,0,0,0,245,1007,3,224,28,1,1,RB
2540269,2018,11,0,0,0,0,0,67,403,2,41,5,1,0,RB
2540273,2013,14,0,0,0,0,0,250,973,7,141,26,1,1,RB
2540273,2014,13,0,0,0,0,0,76,293,1,152,18,0,2,RB
2540273,2015,8,0,0,0,0,0,31,89,1,65,9,0,0,RB
2541161,2014,15,0,0,0,0,0,82,424,2,143,17,0,1,RB
2541161,2015,16,0,0,0,0,0,266,1066,6,232,41,0,4,RB
2541161,2016,14,0,0,0,0,0,195,788,12,264,33,0,2,RB
2541161,2017,16,0,0,0,0,0,216,842,8,103,15,0,1,RB
2541161,2018,16,0,0,0,0,0,140,578,6,141,22,0,0,RB
2541544,2013,14,0,0,0,0,0,47,261,1,59,6,0,2,RB
2541544,2014,16,0,0,0,0,0,66,246,3,352,45,1,2,RB
2541544,2015,16,0,0,0,0,0,37,140,0,250,26,0,1,RB
2541544,2016,11,0,0,0,0,0,21,101,0,91,16,0,1,RB
2541544,2017,14,0,0,0,0,0,9,29,0,240,20,2,1,RB
2541544,2018,15,0,0,0,0,0,11,20,0,9,1,0,0,RB
2542022,2013,10,0,0,0,0,0,54,224,1,0,0,0,0,RB
2542022,2014,10,0,0,0,0,0,76,362,3,63,8,0,2,RB
2542022,2015,8,0,0,0,0,0,56,180,4,115,17,0,0,RB
2542022,2016,1,0,0,0,0,0,8,22,0,0,0,0,1,RB
2543502,2014,12,0,0,0,0,0,179,765,4,148,16,1,2,RB
2543502,2015,13,0,0,0,0,0,75,207,1,88,18,0,3,RB
2543565,2014,16,0,0,0,0,0,217,721,7,130,18,0,1,RB
2543565,2015,16,0,0,0,0,0,88,257,1,7,1,0,0,RB
2543565,2016,1,0,0,0,0,0,18,87,0,0,0,0,0,RB
2543565,2017,8,0,0,0,0,0,9,25,0,0,0,0,0,RB
2543583,2014,16,0,0,0,0,0,65,248,1,225,30,1,1,RB
2543583,2015,15,0,0,0,0,0,265,1056,11,578,73,3,3,RB
2543583,2016,16,0,0,0,0,0,227,1079,11,462,54,2,1,RB
2543583,2017,14,0,0,0,0,0,196,865,7,317,36,1,4,RB
2543583,2018,2,0,0,0,0,0,14,68,0,23,5,0,0,RB
2543600,2014,16,0,0,0,0,0,169,528,2,113,15,1,0,RB
2543600,2015,16,0,0,0,0,0,183,698,2,109,15,1,2,RB
2543600,2016,14,0,0,0,0,0,100,420,1,40,12,0,2,RB
2543600,2017,11,0,0,0,0,0,71,262,1,54,7,0,0,RB
2543600,2018,16,0,0,0,0,0,150,499,2,154,20,0,0,RB
2543603,2014,16,0,0,0,0,0,222,1124,9,215,27,0,5,RB
2543603,2015,16,0,0,0,0,0,223,794,11,79,15,1,3,RB
2543603,2016,15,0,0,0,0,0,222,839,9,174,21,0,0,RB
2543603,2017,7,0,0,0,0,0,37,116,0,16,4,0,1,RB
2543603,2018,1,0,0,0,0,0,4,25,0,6,1,0,0,RB
2543664,2014,14,0,0,0,0,0,171,673,4,64,11,1,2,RB
2543664,2015,8,0,0,0,0,0,62,231,0,21,4,0,2,RB
2543664,2016,16,0,0,0,0,0,193,774,5,236,34,1,2,RB
2543664,2017,5,0,0,0,0,0,39,138,2,23,2,0,1,RB
2543682,2014,16,0,0,0,0,0,152,569,2,133,18,0,2,RB
2543682,2015,13,0,0,0,0,0,47,193,1,139,14,1,2,RB
2543704,2014,13,0,0,0,0,0,68,292,4,114,8,0,1,RB
2543704,2015,3,0,0,0,0,0,13,47,1,29,5,0,0,RB
2543704,2016,3,0,0,0,0,0,1,0,0,10,3,0,0,RB
2543715,2014,11,0,0,0,0,0,113,538,0,135,27,0,0,RB
2543715,2015,16,0,0,0,0,0,52,271,2,173,21,1,0,RB
2543715,2016,15,0,0,0,0,0,159,539,2,255,43,2,0,RB
2543715,2017,16,0,0,0,0,0,150,570,3,421,51,2,3,RB
2543743,2014,14,0,0,0,0,0,83,333,4,68,12,0,1,RB
2543743,2015,7,0,0,0,0,0,115,470,3,53,11,0,1,RB
2543743,2016,13,0,0,0,0,0,217,988,6,163,27,3,5,RB
2543743,2017,16,0,0,0,0,0,240,938,8,350,59,0,2,RB
2543743,2018,14,0,0,0,0,0,172,571,5,33,10,0,2,RB
2543770,2014,8,0,0,0,0,0,66,185,1,190,19,0,2,RB
2543770,2015,16,0,0,0,0,0,107,529,0,561,51,4,2,RB
2543770,2016,7,0,0,0,0,0,51,149,1,190,24,1,1,RB
2543770,2017,16,0,0,0,0,0,21,95,0,249,35,1,1,RB
2543773,2014,3,0,0,0,0,0,9,38,0,23,5,0,0,RB
2543773,2015,14,0,0,0,0,0,22,56,2,410,40,4,0,RB
2543773,2016,16,0,0,0,0,0,39,166,0,551,60,5,0,RB
2543773,2017,14,0,0,0,0,0,43,171,0,429,56,3,0,RB
2543773,2018,16,0,0,0,0,0,94,425,5,751,87,7,0,RB
2550189,2014,16,0,0,0,0,0,148,607,8,87,9,0,3,RB
2550189,2015,16,0,0,0,0,0,185,706,4,182,19,1,0,RB
2550189,2016,16,0,0,0,0,0,198,952,7,319,40,0,2,RB
2550189,2017,16,0,0,0,0,0,206,853,2,182,28,0,1,RB
2550189,2018,13,0,0,0,0,0,143,685,6,152,21,0,0,RB
2550268,2014,6,0,0,0,0,0,0,0,0,0,0,0,0,RB
2550268,2015,15,0,0,0,0,0,160,634,4,214,20,1,1,RB
2550268,2016,15,0,0,0,0,0,88,293,1,188,28,2,0,RB
2550268,2017,13,0,0,0,0,0,18,72,2,150,27,2,1,RB
2550268,2018,3,0,0,0,0,0,2,-1,0,37,2,1,0,RB
2550474,2014,4,0,0,0,0,0,0,0,0,11,2,0,0,RB
2550474,2015,14,0,0,0,0,0,143,520,3,174,21,0,1,RB
2550474,2016,16,0,0,0,0,0,2,15,0,0,0,0,0,RB
2550481,2014,11,0,0,0,0,0,9,23,1,48,5,0,0,RB
2550481,2015,16,0,0,0,0,0,36,153,1,31,3,0,0,RB
2550481,2016,10,0,0,0,0,0,30,111,2,12,2,0,0,RB
2550481,2017,15,0,0,0,0,0,171,751,5,116,19,0,1,RB
2550512,2014,16,0,0,0,0,0,36,122,0,187,21,1,0,RB
2550512,2015,16,0,0,0,0,0,16,59,0,142,21,1,2,RB
2550512,2016,15,0,0,0,0,0,35,115,3,249,23,3,1,RB
2550512,2017,11,0,0,0,0,0,46,181,0,155,20,1,0,RB
2550512,2018,16,0,0,0,0,0,50,256,4,160,23,2,1,RB
2550542,2015,1,0,0,0,0,0,0,0,0,0,0,0,0,RB
2550542,2016,12,0,0,0,0,0,29,129,0,75,2,1,0,RB
2550542,2017,3,0,0,0,0,0,21,79,0,128,14,1,0,RB
2550542,2018,12,0,0,0,0,0,21,103,3,115,16,1,1,RB
2550658,2014,14,0,0,0,0,0,160,582,3,271,36,1,0,RB
2550658,2015,8,0,0,0,0,0,31,108,0,112,13,0,0,RB
2550658,2017,8,0,0,0,0,0,35,83,0,26,6,0,0,RB
2552374,2015,16,0,0,0,0,0,143,597,2,183,25,1,5,RB
2552374,2016,2,0,0,0,0,0,18,101,0,57,5,1,0,RB
2552374,2017,14,0,0,0,0,0,165,552,4,162,25,1,2,RB
2552374,2018,10,0,0,0,0,0,1,1,0,28,3,0,1,RB
2552375,2015,7,0,0,0,0,0,45,183,1,58,5,0,0,RB
2552375,2016,3,0,0,0,0,0,36,144,2,11,1,0,0,RB
2552375,2017,13,0,0,0,0,0,18,95,1,2,1,0,0,RB
2552375,2018,9,0,0,0,0,0,19,69,1,15,3,0,0,RB
2552376,2015,7,0,0,0,0,0,52,146,1,-2,1,0,0,RB
2552379,2015,16,0,0,0,0,0,148,537,6,279,22,1,0,RB
2552379,2016,12,0,0,0,0,0,62,200,4,142,19,0,2,RB
2552379,2018,1,0,0,0,0,0,9,25,0,0,0,0,0,RB
2552380,2015,11,0,0,0,0,0,93,517,7,96,11,2,2,RB
2552382,2015,1,0,0,0,0,0,4,17,0,-2,1,0,0,RB
2552382,2016,16,0,0,0,0,0,18,39,0,46,3,0,1,RB
2552382,2017,11,0,0,0,0,0,63,246,1,53,9,0,1,RB
2552382,2018,12,0,0,0,0,0,43,212,0,52,5,1,0,RB
2552429,2015,6,0,0,0,0,0,3,14,0,136,15,2,0,RB
2552429,2016,15,0,0,0,0,0,77,457,3,348,44,0,2,RB
2552429,2017,8,0,0,0,0,0,71,273,3,173,23,1,0,RB
2552429,2018,13,0,0,0,0,0,41,188,1,235,25,0,2,RB
2552453,2015,12,0,0,0,0,0,87,392,1,14,2,0,3,RB
2552453,2016,13,0,0,0,0,0,118,520,8,421,31,3,1,RB
2552453,2017,15,0,0,0,0,0,156,628,5,299,27,3,1,RB
2552453,2018,16,0,0,0,0,0,167,800,4,276,32,5,2,RB
2552461,2015,16,0,0,0,0,0,104,379,0,534,61,2,1,RB
2552461,2016,16,0,0,0,0,0,73,358,1,514,53,0,2,RB
2552461,2017,16,0,0,0,0,0,82,348,4,693,74,3,4,RB
2552461,2018,16,0,0,0,0,0,40,201,0,429,47,3,1,RB
2552469,2015,14,0,0,0,0,0,184,641,0,192,33,0,6,RB
2552469,2016,13,0,0,0,0,0,254,997,10,419,41,2,2,RB
2552469,2017,16,0,0,0,0,0,284,1105,8,476,58,4,1,RB
2552469,2018,12,0,0,0,0,0,175,885,10,490,50,4,1,RB
2552471,2015,12,0,0,0,0,0,182,740,2,279,36,1,0,RB
2552471,2016,15,0,0,0,0,0,130,465,1,312,50,1,2,RB
2552471,2017,10,0,0,0,0,0,49,253,2,224,30,0,2,RB
2552471,2018,14,0,0,0,0,0,104,414,1,487,55,4,1,RB
2552475,2015,13,0,0,0,0,0,229,1106,10,188,21,0,3,RB
2552475,2016,16,0,0,0,0,0,278,885,6,327,43,0,2,RB
2552475,2017,15,0,0,0,0,0,279,1305,13,788,64,6,5,RB
2552475,2018,14,0,0,0,0,0,256,1251,17,580,59,4,1,RB
2552582,2015,9,0,0,0,0,0,49,187,1,90,7,0,0,RB
2552582,2016,15,0,0,0,0,0,260,1272,8,151,27,0,4,RB
2552582,2017,14,0,0,0,0,0,208,873,1,158,24,1,3,RB
2552582,2018,4,0,0,0,0,0,45,184,3,20,5,0,1,RB
2552631,2015,16,0,0,0,0,0,137,514,1,353,45,2,2,RB
2552631,2016,8,0,0,0,0,0,9,34,0,15,3,0,0,RB
2552631,2017,16,0,0,0,0,0,153,591,4,250,46,2,0,RB
2552631,2018,14,0,0,0,0,0,41,110,3,196,35,2,1,RB
2552635,2015,13,0,0,0,0,0,144,490,3,304,19,1,5,RB
2552635,2016,7,0,0,0,0,0,99,460,3,73,8,0,3,RB
2552635,2017,5,0,0,0,0,0,5,14,0,0,0,0,0,RB
2552647,2015,13,0,0,0,0,0,1,0,0,0,0,0,3,RB
2552647,2016,3,0,0,0,0,0,0,0,0,3,1,0,0,RB
2552647,2017,1,0,0,0,0,0,7,41,0,7,2,0,0,RB
2552647,2018,11,0,0,0,0,0,52,250,0,26,11,0,1,RB
2553117,2015,8,0,0,0,0,0,17,52,0,27,6,0,3,RB
2553435,2015,16,0,0,0,0,0,125,581,8,457,36,4,4,RB
2553435,2016,16,0,0,0,0,0,293,1239,16,879,80,4,5,RB
2553435,2017,1,0,0,0,0,0,11,23,0,67,6,0,2,RB
2553435,2018,16,0,0,0,0,0,258,940,7,446,50,3,3,RB
2553439,2015,6,0,0,0,0,0,35,58,0,38,7,0,0,RB
2553439,2016,8,0,0,0,0,0,19,50,1,25,3,0,1,RB
2553439,2017,6,0,0,0,0,0,68,240,0,131,15,0,0,RB
2553439,2018,15,0,0,0,0,0,112,514,4,214,34,1,0,RB
2553631,2015,6,0,0,0,0,0,17,60,0,11,2,0,0,RB
2553631,2016,14,0,0,0,0,0,88,334,4,196,18,0,1,RB
2553631,2017,8,0,0,0,0,0,14,26,1,0,0,0,0,RB
2553631,2018,8,0,0,0,0,0,55,265,3,56,7,0,0,RB
2553733,2015,13,0,0,0,0,0,147,830,4,76,9,1,1,RB
2553733,2016,9,0,0,0,0,0,109,349,3,96,13,0,0,RB
2553733,2017,12,0,0,0,0,0,58,157,0,94,9,0,1,RB
2553733,2018,1,0,0,0,0,0,0,0,0,0,0,0,0,RB
2553743,2015,11,0,0,0,0,0,2,5,0,6,1,0,0,RB
2553743,2016,7,0,0,0,0,0,0,0,0,4,1,0,0,RB
2553743,2017,15,0,0,0,0,0,55,232,4,202,19,1,0,RB
2553743,2018,16,0,0,0,0,0,44,127,1,60,9,0,0,RB
2555223,2016,16,0,0,0,0,0,174,612,4,265,31,1,4,RB
2555223,2017,13,0,0,0,0,0,79,299,1,275,30,0,2,RB
2555223,2018,16,0,0,0,0,0,34,183,1,275,38,0,1,RB
2555224,2016,15,0,0,0,0,0,322,1631,15,363,32,1,5,RB
2555224,2017,10,0,0,0,0,0,242,983,7,269,26,2,1,RB
2555224,2018,15,0,0,0,0,0,304,1434,6,567,77,3,6,RB
2555229,2016,12,0,0,0,0,0,88,382,2,162,30,1,1,RB
2555229,2018,6,0,0,0,0,0,60,333,2,51,6,0,2,RB
2555230,2016,16,0,0,0,0,0,33,179,2,46,9,0,1,RB
2555230,2017,16,0,0,0,0,0,133,644,3,239,32,1,2,RB
2555230,2018,16,0,0,0,0,0,120,535,4,477,53,5,2,RB
2555417,2016,6,0,0,0,0,0,30,172,1,208,17,0,0,RB
2555417,2017,5,0,0,0,0,0,11,23,0,87,6,0,0,RB
2555417,2018,5,0,0,0,0,0,1,-3,0,22,3,0,0,RB
2555418,2016,15,0,0,0,0,0,252,1313,6,298,29,1,2,RB
2555418,2017,16,0,0,0,0,0,276,1122,9,125,23,0,1,RB
2555418,2018,16,0,0,0,0,0,250,935,9,145,20,0,2,RB
2555430,2016,11,0,0,0,0,0,31,125,1,84,11,0,2,RB
2555430,2017,15,0,0,0,0,0,212,973,6,187,23,0,4,RB
2555430,2018,10,0,0,0,0,0,114,411,7,105,15,1,3,RB
2555460,2016,14,0,0,0,0,0,112,456,0,162,15,0,1,RB
2555460,2017,11,0,0,0,0,0,41,90,0,46,8,0,0,RB
2555461,2016,13,0,0,0,0,0,77,312,1,55,6,0,1,RB
2555461,2017,8,0,0,0,0,0,47,174,1,103,13,0,0,RB
2555461,2018,16,0,0,0,0,0,87,364,3,230,28,2,2,RB
2555464,2016,14,0,0,0,0,0,87,467,2,115,17,0,1,RB
2555464,2017,15,0,0,0,0,0,57,153,2,197,34,1,2,RB
2555464,2018,10,0,0,0,0,0,30,115,0,9,1,0,1,RB
2556075,2016,15,0,0,0,0,0,110,490,5,137,13,0,0,RB
2556075,2017,16,0,0,0,0,0,176,744,5,136,11,1,1,RB
2556075,2018,16,0,0,0,0,0,215,1059,12,99,15,0,1,RB
2556118,2016,12,0,0,0,0,0,90,265,1,62,10,0,0,RB
2556118,2017,5,0,0,0,0,0,20,44,0,14,2,0,0,RB
2556118,2018,13,0,0,0,0,0,27,154,0,0,0,0,0,RB
2556411,2016,16,0,0,0,0,0,15,20,0,136,20,0,1,RB
2556411,2017,10,0,0,0,0,0,1,5,0,16,3,0,0,RB
2556414,2016,15,0,0,0,0,0,168,704,6,82,12,1,0,RB
2556414,2017,7,0,0,0,0,0,62,194,3,18,4,0,0,RB
2556414,2018,2,0,0,0,0,0,4,8,0,0,0,0,0,RB
2556440,2016,1,0,0,0,0,0,1,2,0,16,2,0,0,RB
2556440,2017,13,0,0,0,0,0,46,187,1,266,34,2,0,RB
2556440,2018,5,0,0,0,0,0,3,8,0,0,0,0,0,RB
2556466,2016,15,0,0,0,0,0,55,223,1,28,5,0,0,RB
2556466,2017,16,0,0,0,0,0,108,423,3,114,16,0,2,RB
2556466,2018,16,0,0,0,0,0,234,871,5,92,20,1,1,RB
2556563,2016,3,0,0,0,0,0,10,32,0,0,0,0,0,RB
2556801,2016,13,0,0,0,0,0,60,192,0,70,13,0,2,RB
2556885,2016,16,0,0,0,0,0,83,492,1,194,29,2,0,RB
2556885,2017,16,0,0,0,0,0,56,275,1,256,27,1,8,RB
2556885,2018,16,0,0,0,0,0,55,259,1,607,68,0,3,RB
2557917,2017,16,0,0,0,0,0,272,1327,8,455,53,3,1,RB
2557917,2018,11,0,0,0,0,0,181,824,7,378,26,7,0,RB
2557934,2017,16,0,0,0,0,0,88,315,1,177,17,1,2,RB
2557934,2018,8,0,0,0,0,0,92,276,3,193,19,1,2,RB
2557952,2017,13,0,0,0,0,0,111,476,0,193,34,1,3,RB
2557952,2018,15,0,0,0,0,0,51,176,1,89,14,0,2,RB
2557973,2017,13,0,0,0,0,0,268,1040,9,302,36,1,2,RB
2557973,2018,8,0,0,0,0,0,133,439,5,185,22,1,0,RB
2557976,2017,14,0,0,0,0,0,178,626,4,287,30,0,3,RB
2557976,2018,14,0,0,0,0,0,237,1168,8,296,43,1,0,RB
2557978,2017,14,0,0,0,0,0,32,144,0,0,0,0,0,RB
2557978,2018,13,0,0,0,0,0,215,973,12,497,55,1,4,RB
2557991,2017,4,0,0,0,0,0,74,354,2,90,11,0,1,RB
2557991,2018,11,0,0,0,0,0,133,615,2,305,40,2,2,RB
2557994,2017,10,0,0,0,0,0,78,327,2,83,6,0,2,RB
2557994,2018,1,0,0,0,0,0,7,-1,0,28,2,1,1,RB
2557997,2017,16,0,0,0,0,0,117,435,2,651,80,5,2,RB
2557997,2018,16,0,0,0,0,0,219,1098,7,867,107,6,4,RB
2558019,2017,16,0,0,0,0,0,120,728,8,826,81,5,1,RB
2558019,2018,15,0,0,0,0,0,194,883,14,709,81,4,1,RB
2558116,2017,12,0,0,0,0,0,81,448,4,22,9,0,0,RB
2558116,2018,12,0,0,0,0,0,133,728,8,206,26,1,1,RB
2558123,2017,14,0,0,0,0,0,93,358,3,225,21,1,1,RB
2558123,2018,12,0,0,0,0,0,195,908,9,103,17,1,2,RB
2558138,2017,16,0,0,0,0,0,175,603,1,182,22,1,2,RB
2558138,2018,5,0,0,0,0,0,8,32,0,5,3,0,0,RB
2558204,2017,16,0,0,0,0,0,153,556,4,262,25,2,0,RB
2558204,2018,16,0,0,0,0,0,121,464,3,210,27,0,0,RB
2558250,2017,16,0,0,0,0,0,87,370,2,353,53,1,3,RB
2558250,2018,16,0,0,0,0,0,99,444,3,725,71,5,7,RB
2558865,2017,4,0,0,0,0,0,49,208,0,59,7,1,0,RB
2558865,2018,14,0,0,0,0,0,247,1151,9,163,20,0,3,RB
2558918,2017,16,0,0,0,0,0,105,465,2,180,21,1,1,RB
2558918,2018,14,0,0,0,0,0,153,814,3,261,27,2,1,RB
2559150,2017,16,0,0,0,0,0,74,321,4,123,10,2,0,RB
2559150,2018,11,0,0,0,0,0,68,259,2,192,22,0,4,RB
2559169,2017,16,0,0,0,0,0,47,260,2,279,27,3,2,RB
2559169,2018,14,0,0,0,0,0,106,554,3,404,39,3,1,RB
2559924,2018,14,0,0,0,0,0,90,315,4,152,27,0,1,RB
2559947,2018,15,0,0,0,0,0,192,1037,9,241,35,1,0,RB
2560711,2018,16,0,0,0,0,0,60,208,2,103,20,0,1,RB
2560733,2018,14,0,0,0,0,0,130,521,5,72,14,0,1,RB
2560742,2018,16,0,0,0,0,0,85,314,2,425,63,2,1,RB
2560756,2018,13,0,0,0,0,0,50,206,2,135,15,0,0,RB
2560765,2018,10,0,0,0,0,0,118,641,3,213,32,1,1,RB
2560809,2018,13,0,0,0,0,0,209,931,6,50,7,0,1,RB
2560835,2018,14,0,0,0,0,0,85,419,2,75,9,0,0,RB
2560862,2018,14,0,0,0,0,0,56,256,0,199,26,3,1,RB
2560933,2018,16,0,0,0,0,0,60,336,1,85,16,0,2,RB
2560938,2018,6,0,0,0,0,0,66,266,0,98,12,0,3,RB
2560949,2018,14,0,0,0,0,0,120,511,3,58,7,0,1,RB
2560967,2018,12,0,0,0,0,0,36,191,1,56,9,0,1,RB
2560968,2018,16,0,0,0,0,0,261,1307,11,721,91,4,0,RB
2561021,2018,16,0,0,0,0,0,192,996,8,149,20,2,0,RB
2561324,2018,11,0,0,0,0,0,137,718,2,20,2,0,0,RB