ranking,year,position,player_id
1,2011,QB,2506363
2,2011,QB,2504531
3,2011,QB,2504775
4,2011,QB,2504211
5,2011,QB,2501863
6,2011,QB,2506121
7,2011,QB,2505354
8,2011,QB,2505982
9,2011,QB,2506109
10,2011,QB,310
11,2011,QB,79557
12,2011,QB,2505996
13,2011,QB,79860
14,2011,QB,2495824
15,2011,QB,382
16,2011,QB,497095
17,2011,QB,2507169
18,2011,QB,2506562
19,2011,QB,2506581
20,2011,QB,79858
21,2011,QB,2506444
22,2011,QB,2502044
23,2011,QB,2505101
24,2011,QB,2506364
25,2011,QB,497135
26,2011,QB,2501078
27,2011,QB,497123
28,2011,QB,2495455
29,2011,QB,2495863
30,2011,QB,2506340
31,2011,QB,252
32,2011,QB,2495194
33,2011,QB,2506875
34,2011,QB,2495215
35,2011,QB,2495838
36,2011,QB,2505623
37,2011,QB,2495143
38,2011,QB,2507282
39,2011,QB,2507171
40,2011,QB,2505245
1,2011,RB,2507164
2,2011,RB,79555
3,2011,RB,925
4,2011,RB,262
5,2011,RB,941
6,2011,RB,939
7,2011,RB,79607
8,2011,RB,284
9,2011,RB,2495831
10,2011,RB,2506404
11,2011,RB,2506014
12,2011,RB,234
13,2011,RB,2505936
14,2011,RB,1980
15,2011,RB,497149
16,2011,RB,2495560
17,2011,RB,79563
18,2011,RB,2495979
19,2011,RB,497147
20,2011,RB,931
21,2011,RB,2495466
22,2011,RB,79619
23,2011,RB,497188
24,2011,RB,79661
25,2011,RB,2506343
26,2011,RB,2506871
27,2011,RB,2495663
28,2011,RB,2495793
29,2011,RB,2506140
30,2011,RB,949
31,2011,RB,4383
32,2011,RB,929
33,2011,RB,2507428
34,2011,RB,2495241
35,2011,RB,2506448
36,2011,RB,2506874
37,2011,RB,497206
38,2011,RB,2507192
39,2011,RB,2507141
40,2011,RB,2505674
41,2011,RB,497204
42,2011,RB,2504778
43,2011,RB,4327
44,2011,RB,1996
45,2011,RB,71345
46,2011,RB,2495474
47,2011,RB,2495269
48,2011,RB,2506467
49,2011,RB,2504252
50,2011,RB,2506341
51,2011,RB,2495161
52,2011,RB,497208
53,2011,RB,2495207
54,2011,RB,81869
55,2011,RB,2495473
56,2011,RB,2506447
57,2011,RB,2503715
58,2011,RB,2495744
59,2011,RB,2495470
60,2011,RB,497178
1,2011,WR,2505551
2,2011,WR,2495647
3,2011,WR,2506366
4,2011,WR,2506106
5,2011,WR,80672
6,2011,WR,2506400
7,2011,WR,2495867
8,2011,WR,2507763
9,2011,WR,2504747
10,2011,WR,2495801
11,2011,WR,1581
12,2011,WR,2495558
13,2011,WR,2508048
14,2011,WR,497278
15,2011,WR,2495893
16,2011,WR,2506885
17,2011,WR,2505600
18,2011,WR,768
19,2011,WR,2505790
20,2011,WR,80425
21,2011,WR,2495821
22,2011,WR,2505587
23,2011,WR,71217
24,2011,WR,1030
25,2011,WR,80429
26,2011,WR,81282
27,2011,WR,2504743
28,2011,WR,2495718
29,2011,WR,2504651
30,2011,WR,81308
31,2011,WR,2495454
32,2011,WR,2504595
33,2011,WR,2346
34,2011,WR,2495450
35,2011,WR,2506287
36,2011,WR,497288
37,2011,WR,2507184
38,2011,WR,2506342
39,2011,WR,2495676
40,2011,WR,79595
41,2011,WR,2505785
42,2011,WR,2506097
43,2011,WR,2503532
44,2011,WR,2504253
45,2011,WR,71269
46,2011,WR,1032
48,2011,WR,2649
49,2011,WR,735
50,2011,WR,2505062
51,2011,WR,2505511
52,2011,WR,2506096
53,2011,WR,2495192
54,2011,WR,2507183
55,2011,WR,318
56,2011,WR,497270
57,2011,WR,733
58,2011,WR,2495562
59,2011,WR,2495315
60,2011,WR,2500467
1,2011,TE,2505299
2,2011,TE,1072
3,2011,TE,2505629
4,2011,TE,2505664
5,2011,TE,2495826
6,2011,TE,2495825
7,2011,TE,497236
8,2011,TE,2506107
9,2011,TE,2495888
10,2011,TE,497240
11,2011,TE,71431
12,2011,TE,238457
13,2011,TE,2500835
14,2011,TE,497244
15,2011,TE,2495700
16,2011,TE,1074
17,2011,TE,71265
18,2011,TE,2505938
19,2011,TE,2507218
20,2011,TE,2495187
1,2012,QB,2506363
2,2012,QB,2504211
3,2012,QB,2504775
4,2012,QB,79860
5,2012,QB,2495455
6,2012,QB,2504531
7,2012,QB,310
8,2012,QB,2505996
9,2012,QB,2505354
10,2012,QB,2506121
11,2012,QB,2501863
12,2012,QB,2506109
13,2012,QB,2495824
14,2012,QB,2533033
15,2012,QB,2505982
16,2012,QB,79557
17,2012,QB,2533031
18,2012,QB,382
19,2012,QB,2505245
20,2012,QB,2506581
21,2012,QB,2495143
22,2012,QB,2495194
23,2012,QB,2506340
24,2012,QB,2532975
25,2012,QB,497095
26,2012,QB,2506562
27,2012,QB,2495215
28,2012,QB,79858
29,2012,QB,367
30,2012,QB,497135
31,2012,QB,497129
32,2012,QB,2508123
33,2012,QB,2532970
34,2012,QB,2532956
35,2012,QB,2495441
36,2012,QB,2501078
37,2012,QB,2507169
38,2012,QB,2507282
39,2012,QB,2505101
40,2012,QB,252
1,2012,RB,79555
2,2012,RB,941
3,2012,RB,79607
4,2012,RB,262
5,2012,RB,284
6,2012,RB,234
7,2012,RB,2495207
8,2012,RB,925
9,2012,RB,2495831
10,2012,RB,2495663
11,2012,RB,2505936
12,2012,RB,497188
13,2012,RB,2533032
14,2012,RB,2507164
15,2012,RB,2506871
16,2012,RB,2495560
17,2012,RB,2532899
18,2012,RB,2506467
19,2012,RB,2506014
20,2012,RB,2506404
21,2012,RB,2506874
22,2012,RB,2505674
23,2012,RB,79563
24,2012,RB,929
25,2012,RB,949
26,2012,RB,2507779
27,2012,RB,2495470
28,2012,RB,2495979
29,2012,RB,79661
30,2012,RB,1980
31,2012,RB,2507476
32,2012,RB,497204
33,2012,RB,2495466
34,2012,RB,2506343
35,2012,RB,2507591
36,2012,RB,497208
37,2012,RB,2495474
38,2012,RB,2507192
39,2012,RB,2533035
40,2012,RB,71345
41,2012,RB,2495161
42,2012,RB,497176
43,2012,RB,2507141
44,2012,RB,2495471
45,2012,RB,2495468
46,2012,RB,497149
47,2012,RB,2495220
48,2012,RB,2495241
49,2012,RB,2495473
50,2012,RB,931
51,2012,RB,2533437
52,2012,RB,497206
53,2012,RB,939
54,2012,RB,2495172
55,2012,RB,2533457
56,2012,RB,497147
57,2012,RB,81869
58,2012,RB,4383
59,2012,RB,2532926
60,2012,RB,497174
1,2012,WR,2495647
2,2012,WR,2506106
3,2012,WR,2495454
4,2012,WR,2505551
5,2012,WR,2495450
6,2012,WR,2495867
7,2012,WR,2506366
8,2012,WR,80672
9,2012,WR,2495893
10,2012,WR,2505790
11,2012,WR,2507855
12,2012,WR,1032
13,2012,WR,80425
14,2012,WR,2504595
15,2012,WR,497278
16,2012,WR,2495821
17,2012,WR,2507763
18,2012,WR,80429
19,2012,WR,497328
20,2012,WR,2495558
21,2012,WR,2505600
22,2012,WR,2506400
23,2012,WR,2495801
24,2012,WR,2508061
25,2012,WR,768
26,2012,WR,497284
27,2012,WR,1581
28,2012,WR,2495459
29,2012,WR,2504747
30,2012,WR,2346
31,2012,WR,71217
32,2012,WR,2495676
33,2012,WR,2495315
34,2012,WR,80427
35,2012,WR,2505785
36,2012,WR,2506885
37,2012,WR,2505587
38,2012,WR,2533038
39,2012,WR,2495192
40,2012,WR,2495253
41,2012,WR,2506287
42,2012,WR,71269
43,2012,WR,2495718
44,2012,WR,2506313
45,2012,WR,2508048
46,2012,WR,2532977
47,2012,WR,2504743
48,2012,WR,2495721
49,2012,WR,2502220
50,2012,WR,81282
51,2012,WR,497302
52,2012,WR,2495448
53,2012,WR,2530747
54,2012,WR,2495445
55,2012,WR,2649
56,2012,WR,2533039
57,2012,WR,2532841
58,2012,WR,1030
59,2012,WR,735
60,2012,WR,2505511
1,2012,TE,497236
2,2012,TE,497240
3,2012,TE,2505299
4,2012,TE,497244
5,2012,TE,2495826
6,2012,TE,1072
7,2012,TE,2505629
8,2012,TE,216
9,2012,TE,2500835
10,2012,TE,71431
11,2012,TE,2507218
12,2012,TE,497238
13,2012,TE,324
14,2012,TE,71265
15,2012,TE,2495700
16,2012,TE,2495825
17,2012,TE,1074
18,2012,TE,2495438
19,2012,TE,2532838
20,2012,TE,2506107
1,2013,QB,2504775
2,2013,QB,2506363
3,2013,QB,2501863
4,2013,QB,2495455
5,2013,QB,2504211
6,2013,QB,310
7,2013,QB,79860
8,2013,QB,2533033
9,2013,QB,2495186
10,2013,QB,2533031
11,2013,QB,2532975
12,2013,QB,2505354
13,2013,QB,2505996
14,2013,QB,2506109
15,2013,QB,2495143
16,2013,QB,2495824
17,2013,QB,79557
18,2013,QB,2504531
19,2013,QB,382
20,2013,QB,2505245
21,2013,QB,497095
22,2013,QB,2506121
23,2013,QB,2505982
24,2013,QB,2532956
25,2013,QB,2506340
26,2013,QB,2539228
27,2013,QB,2532970
28,2013,QB,2495194
29,2013,QB,367
30,2013,QB,2495215
31,2013,QB,2539335
32,2013,QB,252
33,2013,QB,2506581
34,2013,QB,2532842
35,2013,QB,2507169
36,2013,QB,2495441
37,2013,QB,79858
38,2013,QB,2506562
39,2013,QB,2539308
40,2013,QB,2533436
1,2013,RB,2507164
2,2013,RB,2532899
3,2013,RB,79555
4,2013,RB,925
5,2013,RB,497204
6,2013,RB,2495663
7,2013,RB,941
8,2013,RB,79607
9,2013,RB,2533032
10,2013,RB,2533457
11,2013,RB,2505936
12,2013,RB,234
13,2013,RB,2495470
14,2013,RB,262
15,2013,RB,2495831
16,2013,RB,2506404
17,2013,RB,2506874
18,2013,RB,2495207
19,2013,RB,284
20,2013,RB,2533034
21,2013,RB,2533035
22,2013,RB,2540175
23,2013,RB,2506467
24,2013,RB,2507999
25,2013,RB,2539341
26,2013,RB,497188
27,2013,RB,2495560
28,2013,RB,2540168
29,2013,RB,939
30,2013,RB,2540156
31,2013,RB,2495473
32,2013,RB,929
33,2013,RB,2507790
34,2013,RB,2495979
35,2013,RB,2495466
36,2013,RB,949
37,2013,RB,2534789
38,2013,RB,2506871
39,2013,RB,2533545
40,2013,RB,2534796
41,2013,RB,497208
42,2013,RB,2533437
43,2013,RB,2507141
44,2013,RB,2533012
45,2013,RB,2532926
46,2013,RB,2495468
47,2013,RB,2539326
48,2013,RB,4327
49,2013,RB,2540273
50,2013,RB,2495471
51,2013,RB,79563
52,2013,RB,2507192
53,2013,RB,2495474
54,2013,RB,2495328
55,2013,RB,79619
56,2013,RB,497145
57,2013,RB,80644
58,2013,RB,2495241
59,2013,RB,2540171
60,2013,RB,497174
1,2013,WR,2495647
2,2013,WR,497278
3,2013,WR,2495450
4,2013,WR,2495893
5,2013,WR,2495454
6,2013,WR,497328
7,2013,WR,2506106
8,2013,WR,2506366
9,2013,WR,2505551
10,2013,WR,2506400
11,2013,WR,2507855
12,2013,WR,2495448
13,2013,WR,2495821
14,2013,WR,2495558
15,2013,WR,1032
16,2013,WR,2504747
17,2013,WR,80672
18,2013,WR,2649
19,2013,WR,2505790
20,2013,WR,2495459
21,2013,WR,2508061
22,2013,WR,497284
23,2013,WR,2504595
24,2013,WR,2507763
25,2013,WR,2346
26,2013,WR,2495341
27,2013,WR,2507183
28,2013,WR,768
29,2013,WR,2495867
30,2013,WR,1581
31,2013,WR,2508048
32,2013,WR,2495801
33,2013,WR,2532865
34,2013,WR,2539336
35,2013,WR,71217
36,2013,WR,2537931
37,2013,WR,2505587
38,2013,WR,2506287
39,2013,WR,497262
40,2013,WR,2495315
41,2013,WR,2495718
42,2013,WR,497322
43,2013,WR,2533038
44,2013,WR,2532841
45,2013,WR,2532977
46,2013,WR,497326
47,2013,WR,2533039
48,2013,WR,2535634
49,2013,WR,2540165
50,2013,WR,2508115
51,2013,WR,81831
52,2013,WR,2532807
53,2013,WR,80425
54,2013,WR,2539256
55,2013,WR,2533533
56,2013,WR,2505785
57,2013,WR,2495192
58,2013,WR,80427
59,2013,WR,497302
60,2013,WR,2540145
1,2013,TE,497236
2,2013,TE,497240
3,2013,TE,2505629
4,2013,TE,2500835
5,2013,TE,2495826
6,2013,TE,2495700
7,2013,TE,2495438
8,2013,TE,2495825
9,2013,TE,71265
10,2013,TE,2505299
11,2013,TE,1062
12,2013,TE,1072
13,2013,TE,89766
14,2013,TE,71431
15,2013,TE,497238
16,2013,TE,216
17,2013,TE,2495267
18,2013,TE,1074
19,2013,TE,497224
20,2013,TE,2508112
1,2014,QB,2501863
2,2014,QB,2506363
3,2014,QB,2504775
4,2014,QB,79860
5,2014,QB,2533031
6,2014,QB,2533033
7,2014,QB,2532842
8,2014,QB,310
9,2014,QB,2495455
10,2014,QB,2504211
11,2014,QB,2505354
12,2014,QB,2495186
13,2014,QB,2495824
14,2014,QB,2532975
15,2014,QB,2506121
16,2014,QB,2506109
17,2014,QB,2495143
18,2014,QB,2532956
19,2014,QB,2506340
20,2014,QB,2505245
21,2014,QB,2505996
22,2014,QB,2543462
23,2014,QB,2505076
24,2014,QB,382
25,2014,QB,2495194
26,2014,QB,497095
27,2014,QB,2539228
28,2014,QB,2543465
29,2014,QB,2539335
30,2014,QB,2506581
31,2014,QB,81294
32,2014,QB,2504531
33,2014,QB,2505982
34,2014,QB,252
35,2014,QB,2506562
36,2014,QB,2539275
37,2014,QB,2532820
38,2014,QB,2543499
39,2014,QB,2543640
40,2014,QB,2543477
1,2014,RB,925
2,2014,RB,79607
3,2014,RB,2507164
4,2014,RB,234
5,2014,RB,2540168
6,2014,RB,2495207
7,2014,RB,2539341
8,2014,RB,2495663
9,2014,RB,79555
10,2014,RB,2540175
11,2014,RB,2540156
12,2014,RB,2540273
13,2014,RB,2532899
14,2014,RB,2533457
15,2014,RB,2539217
16,2014,RB,497176
17,2014,RB,497204
18,2014,RB,497188
19,2014,RB,2506874
20,2014,RB,71345
21,2014,RB,2506404
22,2014,RB,497145
23,2014,RB,2495473
24,2014,RB,2543682
25,2014,RB,262
26,2014,RB,497208
27,2014,RB,941
28,2014,RB,2533032
29,2014,RB,2495470
30,2014,RB,2505936
31,2014,RB,2533034
32,2014,RB,2507141
33,2014,RB,2495831
34,2014,RB,2506871
35,2014,RB,2495979
36,2014,RB,4327
37,2014,RB,2543664
38,2014,RB,2533545
39,2014,RB,284
40,2014,RB,2506467
41,2014,RB,2543603
42,2014,RB,79619
43,2014,RB,2507999
44,2014,RB,2543583
45,2014,RB,2539322
46,2014,RB,2542022
47,2014,RB,2543743
48,2014,RB,2495466
49,2014,RB,949
50,2014,RB,79563
51,2014,RB,2495560
52,2014,RB,497149
53,2014,RB,2533035
54,2014,RB,2507779
55,2014,RB,2535708
56,2014,RB,2543502
57,2014,RB,2543565
58,2014,RB,2507790
59,2014,RB,2543773
1,2014,WR,2495647
2,2014,WR,497328
3,2014,WR,497278
4,2014,WR,2495450
5,2014,WR,2495454
6,2014,WR,2495893
7,2014,WR,1032
8,2014,WR,2533039
9,2014,WR,2508061
10,2014,WR,2495448
11,2014,WR,2506400
12,2014,WR,2540154
13,2014,WR,2505551
14,2014,WR,2346
15,2014,WR,2507855
16,2014,WR,2506106
17,2014,WR,2506366
18,2014,WR,71269
19,2014,WR,2505790
20,2014,WR,2532841
21,2014,WR,2540145
22,2014,WR,80425
23,2014,WR,2495459
24,2014,WR,1581
25,2014,WR,2507763
26,2014,WR,2532977
27,2014,WR,2532865
28,2014,WR,2495821
29,2014,WR,80429
30,2014,WR,238498
31,2014,WR,497284
32,2014,WR,2539205
33,2014,WR,497326
34,2014,WR,497322
35,2014,WR,2504747
36,2014,WR,2495558
37,2014,WR,2533533
38,2014,WR,2543457
39,2014,WR,2495341
40,2014,WR,2543468
41,2014,WR,497282
42,2014,WR,2532884
43,2014,WR,2505587
44,2014,WR,2543498
45,2014,WR,2540165
46,2014,WR,80672
47,2014,WR,2539336
48,2014,WR,81831
49,2014,WR,2507183
50,2014,WR,2540202
51,2014,WR,2495867
52,2014,WR,2540151
53,2014,WR,2532799
54,2014,WR,2539256
55,2014,WR,2543471
56,2014,WR,2649
57,2014,WR,2539291
58,2014,WR,2504595
59,2014,WR,2530747
60,2014,WR,2543500
1,2014,TE,497236
2,2014,TE,497240
3,2014,TE,2495353
4,2014,TE,2495267
5,2014,TE,2495826
6,2014,TE,2495700
7,2014,TE,2505629
8,2014,TE,2540160
9,2014,TE,2495438
10,2014,TE,497254
11,2014,TE,1062
12,2014,TE,2540158
13,2014,TE,2495139
14,2014,TE,2532853
15,2014,TE,2506369
16,2014,TE,2495966
17,2014,TE,2505299
18,2014,TE,2543466
19,2014,TE,2540148
20,2014,TE,2533046
1,2015,QB,2533031
2,2015,QB,2506363
3,2015,QB,2532975
4,2015,QB,2501863
5,2015,QB,2504775
6,2015,QB,2506109
7,2015,QB,310
8,2015,QB,2505354
9,2015,QB,2495455
10,2015,QB,2532956
11,2015,QB,2505996
12,2015,QB,79860
13,2015,QB,2506121
14,2015,QB,2504211
15,2015,QB,497095
16,2015,QB,2495186
17,2015,QB,2543465
18,2015,QB,2505245
19,2015,QB,382
20,2015,QB,2495824
21,2015,QB,2495143
22,2015,QB,2552033
23,2015,QB,2506340
24,2015,QB,2552466
25,2015,QB,2533033
26,2015,QB,2543499
27,2015,QB,2543477
28,2015,QB,2532842
29,2015,QB,2506581
30,2015,QB,2495240
31,2015,QB,81294
32,2015,QB,2543462
33,2015,QB,2539335
34,2015,QB,2506562
35,2015,QB,2505076
36,2015,QB,2495443
37,2015,QB,79858
38,2015,QB,2543801
39,2015,QB,2539228
40,2015,QB,2532820
1,2015,RB,2507164
2,2015,RB,2540175
3,2015,RB,925
4,2015,RB,2540168
5,2015,RB,2495663
6,2015,RB,2540269
7,2015,RB,2543603
8,2015,RB,234
9,2015,RB,2495207
10,2015,RB,79607
11,2015,RB,927
12,2015,RB,2533034
13,2015,RB,2506404
14,2015,RB,2495466
15,2015,RB,2533457
16,2015,RB,2552469
17,2015,RB,2541161
18,2015,RB,949
19,2015,RB,2543743
20,2015,RB,2539217
21,2015,RB,2540171
22,2015,RB,2552471
23,2015,RB,2552374
24,2015,RB,497149
25,2015,RB,497204
26,2015,RB,2552475
27,2015,RB,2507999
28,2015,RB,2532899
29,2015,RB,2540156
30,2015,RB,71345
31,2015,RB,497145
32,2015,RB,2552453
33,2015,RB,2550189
34,2015,RB,79555
35,2015,RB,2495473
36,2015,RB,2543583
37,2015,RB,497188
38,2015,RB,2543682
39,2015,RB,2543502
40,2015,RB,2552461
41,2015,RB,2552376
42,2015,RB,4327
43,2015,RB,2543600
44,2015,RB,2506874
45,2015,RB,2543770
46,2015,RB,2553435
47,2015,RB,284
48,2015,RB,2495161
49,2015,RB,2543565
50,2015,RB,2506467
51,2015,RB,2540178
52,2015,RB,2506871
53,2015,RB,2533037
54,2015,RB,2543664
55,2015,RB,2552635
56,2015,RB,2533030
57,2015,RB,2542022
58,2015,RB,2533437
59,2015,RB,2552631
60,2015,RB,2535708
1,2015,WR,2508061
2,2015,WR,497278
3,2015,WR,497328
4,2015,WR,2495454
5,2015,WR,2543496
6,2015,WR,2495647
7,2015,WR,2495450
8,2015,WR,2495448
9,2015,WR,2533039
10,2015,WR,2543468
11,2015,WR,2532865
12,2015,WR,2540165
13,2015,WR,2543498
14,2015,WR,2543500
15,2015,WR,497322
16,2015,WR,2505551
17,2015,WR,2540154
18,2015,WR,2552487
19,2015,WR,2495893
20,2015,WR,238498
21,2015,WR,1581
22,2015,WR,497326
23,2015,WR,2543457
24,2015,WR,2543495
25,2015,WR,80429
26,2015,WR,2543509
27,2015,WR,2506400
28,2015,WR,2543488
29,2015,WR,2506366
30,2015,WR,2506106
31,2015,WR,2552600
32,2015,WR,2507763
33,2015,WR,497284
34,2015,WR,2504595
35,2015,WR,2543572
36,2015,WR,2541147
37,2015,WR,2505587
38,2015,WR,2543847
39,2015,WR,2495459
40,2015,WR,497302
41,2015,WR,2495821
42,2015,WR,2346
43,2015,WR,2532841
44,2015,WR,2552458
45,2015,WR,2532977
46,2015,WR,2552597
47,2015,WR,2507855
48,2015,WR,2532933
49,2015,WR,1990
50,2015,WR,2539205
51,2015,WR,768
52,2015,WR,2539291
53,2015,WR,2540202
54,2015,WR,2552409
55,2015,WR,2533533
56,2015,WR,2532884
57,2015,WR,71269
58,2015,WR,2530747
59,2015,WR,80425
60,2015,WR,2495558
1,2015,TE,497240
2,2015,TE,497236
3,2015,TE,2495700
4,2015,TE,2540258
5,2015,TE,1062
6,2015,TE,2495267
7,2015,TE,2505629
8,2015,TE,2495966
9,2015,TE,2495353
10,2015,TE,2540158
11,2015,TE,2540148
12,2015,TE,2533046
13,2015,TE,2495438
14,2015,TE,2495825
15,2015,TE,2505299
16,2015,TE,2543683
17,2015,TE,2537933
18,2015,TE,2541834
19,2015,TE,2506369
20,2015,TE,2495826
1,2016,QB,2495455
2,2016,QB,2506363
3,2016,QB,2532975
4,2016,QB,2533031
5,2016,QB,2504775
6,2016,QB,2506109
7,2016,QB,2505245
8,2016,QB,2505996
9,2016,QB,2506121
10,2016,QB,2543477
11,2016,QB,2504211
12,2016,QB,2495240
13,2016,QB,2532820
14,2016,QB,2543499
15,2016,QB,2505354
16,2016,QB,79860
17,2016,QB,2552033
18,2016,QB,2495143
19,2016,QB,2552466
20,2016,QB,310
21,2016,QB,2506581
22,2016,QB,2532956
23,2016,QB,382
24,2016,QB,2495824
25,2016,QB,2506340
26,2016,QB,2533033
27,2016,QB,2533436
28,2016,QB,2543465
29,2016,QB,497095
30,2016,QB,79858
31,2016,QB,2495441
32,2016,QB,2555259
33,2016,QB,2495186
34,2016,QB,2552588
35,2016,QB,2555316
36,2016,QB,2505076
37,2016,QB,2555334
38,2016,QB,2532842
39,2016,QB,2553457
40,2016,QB,2532888
1,2016,RB,2552475
2,2016,RB,2553435
3,2016,RB,2507164
4,2016,RB,2555224
5,2016,RB,2533034
6,2016,RB,925
7,2016,RB,2540175
8,2016,RB,2495466
9,2016,RB,2543583
10,2016,RB,2540168
11,2016,RB,2532899
12,2016,RB,79607
13,2016,RB,2540269
14,2016,RB,2543743
15,2016,RB,2553733
16,2016,RB,2541161
17,2016,RB,234
18,2016,RB,2543603
19,2016,RB,949
20,2016,RB,2495207
21,2016,RB,497188
22,2016,RB,2506404
23,2016,RB,2552635
24,2016,RB,2552379
25,2016,RB,2540156
26,2016,RB,2552469
27,2016,RB,2552461
28,2016,RB,79555
29,2016,RB,4327
30,2016,RB,71345
31,2016,RB,2552374
32,2016,RB,2507999
33,2016,RB,2495469
34,2016,RB,2552471
35,2016,RB,2495979
36,2016,RB,2552582
37,2016,RB,2543770
38,2016,RB,927
39,2016,RB,2550189
40,2016,RB,497149
41,2016,RB,2556075
42,2016,RB,2552453
43,2016,RB,2495328
44,2016,RB,2540020
45,2016,RB,2555229
46,2016,RB,2539322
47,2016,RB,2543773
48,2016,RB,2552631
49,2016,RB,2543715
50,2016,RB,2555418
51,2016,RB,2555464
52,2016,RB,2555223
53,2016,RB,2495473
54,2016,RB,2506467
55,2016,RB,497206
56,2016,RB,2555417
57,2016,RB,2540204
58,2016,RB,2543664
59,2016,RB,2552380
60,2016,RB,262
1,2016,WR,2508061
2,2016,WR,2543496
3,2016,WR,2495454
4,2016,WR,2495450
5,2016,WR,2540165
6,2016,WR,497278
7,2016,WR,2543509
8,2016,WR,1032
9,2016,WR,2543468
10,2016,WR,2495893
11,2016,WR,2533039
12,2016,WR,2540154
13,2016,WR,2543498
14,2016,WR,2552487
15,2016,WR,2532865
16,2016,WR,2543457
17,2016,WR,497328
18,2016,WR,2495448
19,2016,WR,80429
20,2016,WR,497284
21,2016,WR,2543488
22,2016,WR,238498
23,2016,WR,2530747
24,2016,WR,497326
25,2016,WR,2543471
26,2016,WR,2543614
27,2016,WR,2532841
28,2016,WR,2543847
29,2016,WR,2506106
30,2016,WR,2543500
31,2016,WR,497322
32,2016,WR,2552409
33,2016,WR,2550353
34,2016,WR,2552430
35,2016,WR,2532884
36,2016,WR,1581
37,2016,WR,71269
38,2016,WR,2553432
39,2016,WR,2555295
40,2016,WR,2537931
41,2016,WR,2495459
42,2016,WR,2555333
43,2016,WR,2550256
44,2016,WR,2552608
45,2016,WR,2539336
46,2016,WR,2532790
47,2016,WR,2506400
48,2016,WR,2530660
49,2016,WR,2539291
50,2016,WR,2552458
51,2016,WR,2504595
52,2016,WR,2556370
53,2016,WR,2555214
54,2016,WR,2552424
55,2016,WR,2533040
56,2016,WR,2552470
57,2016,WR,2532903
58,2016,WR,2552491
59,2016,WR,2507763
60,2016,WR,2539205
1,2016,TE,497240
2,2016,TE,2540160
3,2016,TE,2495700
4,2016,TE,2540258
5,2016,TE,2495966
6,2016,TE,2532838
7,2016,TE,1060
8,2016,TE,2540148
9,2016,TE,2495353
10,2016,TE,2540158
11,2016,TE,2505299
12,2016,TE,2533046
13,2016,TE,1062
14,2016,TE,2543466
15,2016,TE,2505629
16,2016,TE,497236
17,2016,TE,238457
18,2016,TE,2532853
19,2016,TE,2495139
20,2016,TE,2552397
1,2017,QB,2506363
2,2017,QB,2504211
3,2017,QB,2504775
4,2017,QB,2533031
5,2017,QB,2532975
6,2017,QB,310
7,2017,QB,2552466
8,2017,QB,2532820
9,2017,QB,2552033
10,2017,QB,2495455
11,2017,QB,2543499
12,2017,QB,2506109
13,2017,QB,2555260
14,2017,QB,2506121
15,2017,QB,79860
16,2017,QB,2495240
17,2017,QB,2505996
18,2017,QB,2495143
19,2017,QB,2555259
20,2017,QB,2543477
21,2017,QB,2505245
22,2017,QB,2532956
23,2017,QB,382
24,2017,QB,2506340
25,2017,QB,497095
26,2017,QB,2558063
27,2017,QB,2553457
28,2017,QB,2539275
29,2017,QB,81294
30,2017,QB,2505076
31,2017,QB,2543640
32,2017,QB,2555334
33,2017,QB,2495186
34,2017,QB,2533436
35,2017,QB,2555316
36,2017,QB,2558008
37,2017,QB,2555387
38,2017,QB,2543801
39,2017,QB,2558125
40,2017,QB,2557983
1,2017,RB,2553435
2,2017,RB,2540175
3,2017,RB,2555224
4,2017,RB,79607
5,2017,RB,2552469
6,2017,RB,2552582
7,2017,RB,2543583
8,2017,RB,2555418
9,2017,RB,2495207
10,2017,RB,2552475
11,2017,RB,2557973
12,2017,RB,2533034
13,2017,RB,2550189
14,2017,RB,2495663
15,2017,RB,2543743
16,2017,RB,2557976
17,2017,RB,2557997
18,2017,RB,2540269
19,2017,RB,2540204
20,2017,RB,2540168
21,2017,RB,2552429
22,2017,RB,2495466
23,2017,RB,2552453
24,2017,RB,2539663
25,2017,RB,2495328
26,2017,RB,2506404
27,2017,RB,2552374
28,2017,RB,2557991
29,2017,RB,2555460
30,2017,RB,497149
31,2017,RB,2507164
32,2017,RB,2532899
33,2017,RB,4327
34,2017,RB,2556414
35,2017,RB,2558138
36,2017,RB,949
37,2017,RB,2556075
38,2017,RB,234
39,2017,RB,2540020
40,2017,RB,2557917
41,2017,RB,2555417
42,2017,RB,2555229
43,2017,RB,2541161
44,2017,RB,2543773
45,2017,RB,2552461
46,2017,RB,2543664
47,2017,RB,925
48,2017,RB,2553733
49,2017,RB,2543603
50,2017,RB,2506467
51,2017,RB,2540156
52,2017,RB,2558204
53,2017,RB,2557936
54,2017,RB,2558019
55,2017,RB,2495469
56,2017,RB,2558123
57,2017,RB,2495473
58,2017,RB,2540011
59,2017,RB,2495471
60,2017,RB,2539265
1,2017,WR,2508061
2,2017,WR,2543496
3,2017,WR,2495454
4,2017,WR,2543468
5,2017,WR,2495450
6,2017,WR,1032
7,2017,WR,2532865
8,2017,WR,2556370
9,2017,WR,497278
10,2017,WR,2552487
11,2017,WR,2530747
12,2017,WR,2540165
13,2017,WR,2543509
14,2017,WR,2543498
15,2017,WR,497328
16,2017,WR,2533039
17,2017,WR,2543457
18,2017,WR,2543495
19,2017,WR,2531332
20,2017,WR,2540154
21,2017,WR,71269
22,2017,WR,497322
23,2017,WR,497326
24,2017,WR,2543488
25,2017,WR,2506106
26,2017,WR,238498
27,2017,WR,2556214
28,2017,WR,2543572
29,2017,WR,2543614
30,2017,WR,2550256
31,2017,WR,2552608
32,2017,WR,2552415
33,2017,WR,2495893
34,2017,WR,2543471
35,2017,WR,1581
36,2017,WR,2346
37,2017,WR,497284
38,2017,WR,2553568
39,2017,WR,2552409
40,2017,WR,80429
41,2017,WR,71217
42,2017,WR,2495448
43,2017,WR,2555333
44,2017,WR,2507763
45,2017,WR,2557848
46,2017,WR,2543500
47,2017,WR,2543847
48,2017,WR,2532903
49,2017,WR,2541785
50,2017,WR,2543828
51,2017,WR,2532884
52,2017,WR,2553913
53,2017,WR,2507166
54,2017,WR,2555343
55,2017,WR,2552597
56,2017,WR,2540202
57,2017,WR,2540169
58,2017,WR,2558846
59,2017,WR,2552430
60,2017,WR,2555295
1,2017,TE,497240
2,2017,TE,2540258
3,2017,TE,2540160
4,2017,TE,2495700
5,2017,TE,497236
6,2017,TE,2540148
7,2017,TE,2495966
8,2017,TE,2495438
9,2017,TE,1062
10,2017,TE,2540158
11,2017,TE,2555341
12,2017,TE,2543466
13,2017,TE,2540232
14,2017,TE,2532838
15,2017,TE,2505629
16,2017,TE,2550656
17,2017,TE,2505299
18,2017,TE,2543721
19,2017,TE,2495353
20,2017,TE,2555415
1,2018,QB,2506363
2,2018,QB,2532975
3,2018,QB,2504211
4,2018,QB,2495455
5,2018,QB,2558063
6,2018,QB,2504775
7,2018,QB,2555259
8,2018,QB,2532820
9,2018,QB,79860
10,2018,QB,2506109
11,2018,QB,2533031
12,2018,QB,2506121
13,2018,QB,2543801
14,2018,QB,310
15,2018,QB,2555334
16,2018,QB,2558125
17,2018,QB,2552466
18,2018,QB,2506340
19,2018,QB,2555260
20,2018,QB,2558008
21,2018,QB,2543499
22,2018,QB,2543477
23,2018,QB,2505996
24,2018,QB,2532888
25,2018,QB,2495143
26,2018,QB,2552033
27,2018,QB,2495240
28,2018,QB,2532956
29,2018,QB,497095
30,2018,QB,382
31,2018,QB,2505076
32,2018,QB,2560858
33,2018,QB,2560800
34,2018,QB,2561036
35,2018,QB,2560757
36,2018,QB,2560955
37,2018,QB,2543497
38,2018,QB,2506581
39,2018,QB,2532842
40,2018,QB,2543465
1,2018,RB,2552475
2,2018,RB,2540175
3,2018,RB,2555224
4,2018,RB,2553435
5,2018,RB,2558019
6,2018,RB,2560968
7,2018,RB,2552469
8,2018,RB,2557917
9,2018,RB,2557973
10,2018,RB,2557991
11,2018,RB,2543583
12,2018,RB,2555418
13,2018,RB,2543715
14,2018,RB,2557976
15,2018,RB,2557997
16,2018,RB,79607
17,2018,RB,2555430
18,2018,RB,2561000
19,2018,RB,2555230
20,2018,RB,2552582
21,2018,RB,2560835
22,2018,RB,2556075
23,2018,RB,2533034
24,2018,RB,2495466
25,2018,RB,2560733
26,2018,RB,2560809
27,2018,RB,2495469
28,2018,RB,2560770
29,2018,RB,2495663
30,2018,RB,2552453
31,2018,RB,2558123
32,2018,RB,2539265
33,2018,RB,2560765
34,2018,RB,2550189
35,2018,RB,2540269
36,2018,RB,2558204
37,2018,RB,2543743
38,2018,RB,2540011
39,2018,RB,2558250
40,2018,RB,2552461
41,2018,RB,2561021
42,2018,RB,2558116
43,2018,RB,2555223
44,2018,RB,2552429
45,2018,RB,2540156
46,2018,RB,2495328
47,2018,RB,2559150
48,2018,RB,2558865
49,2018,RB,497149
50,2018,RB,2541161
51,2018,RB,2557994
52,2018,RB,2532899
53,2018,RB,2560742
54,2018,RB,2543773
55,2018,RB,2540020
56,2018,RB,2558918
57,2018,RB,2556466
58,2018,RB,2507999
59,2018,RB,2506404
60,2018,RB,2555229
1,2018,WR,2508061
2,2018,WR,2540165
3,2018,WR,2543496
4,2018,WR,2495454
5,2018,WR,2556370
6,2018,WR,2540154
7,2018,WR,2495450
8,2018,WR,2543495
9,2018,WR,2543468
10,2018,WR,2532865
11,2018,WR,2530747
12,2018,WR,2541785
13,2018,WR,2552608
14,2018,WR,2556214
15,2018,WR,2552487
16,2018,WR,2543509
17,2018,WR,2506106
18,2018,WR,2533039
19,2018,WR,497328
20,2018,WR,2558149
21,2018,WR,2532884
22,2018,WR,2537931
23,2018,WR,2543498
24,2018,WR,497326
25,2018,WR,2543457
26,2018,WR,2530515
27,2018,WR,71269
28,2018,WR,2543488
29,2018,WR,2557848
30,2018,WR,2346
31,2018,WR,2540169
32,2018,WR,497322
33,2018,WR,2552458
34,2018,WR,2556462
35,2018,WR,2557898
36,2018,WR,2495448
37,2018,WR,2552415
38,2018,WR,2539964
39,2018,WR,2555346
40,2018,WR,2552409
41,2018,WR,238498
42,2018,WR,2540202
43,2018,WR,2552600
44,2018,WR,2555295
45,2018,WR,2543471
46,2018,WR,2532903
47,2018,WR,1032
48,2018,WR,2550353
49,2018,WR,2543475
50,2018,WR,2555343
51,2018,WR,2558052
52,2018,WR,1581
53,2018,WR,2560813
54,2018,WR,2553568
55,2018,WR,497278
56,2018,WR,2552430
57,2018,WR,2543491
58,2018,WR,2533040
59,2018,WR,2553913
60,2018,WR,2507166
1,2018,TE,497240
2,2018,TE,2540258
3,2018,TE,2540158
4,2018,TE,2495700
5,2018,TE,2495966
6,2018,TE,497236
7,2018,TE,2495438
8,2018,TE,2557858
9,2018,TE,2550284
10,2018,TE,2540232
11,2018,TE,2540160
12,2018,TE,2558266
13,2018,TE,2557986
14,2018,TE,2557856
15,2018,TE,2543683
16,2018,TE,2540148
17,2018,TE,2495139
18,2018,TE,2506122
19,2018,TE,71265
20,2018,TE,2550656