profile_id,picture_id
310,RYA238179
941,RIC154451
2506014,TUR608668
2495821,COL777594
2504253,BUR595691
497236,GRA207087
79860,STA134157
497095,BRA101548
2495562,BRE019124
2505623,GRO597298
2506344,WIL179825
2506875,YOU617196
2346,GAR115573
2504797,BRY500226
2504775,BRE229498
79607,MCC620232
2507428,TOL160452
2506885,HOL657297
2507763,WAL468678
1072,FIN403212
79557,FRE183259
497135,TEB603856
497208,TAT137889
2495241,THO092066
2495269,CAR642622
2495441,GAB221145
2495454,JON640315
2495162,HEN392894
2504531,VIC311467
79619,MOR120768
2495979,WIL221323
2495867,JEN480468
2508048,WIL446858
2495888,LEW492053
2506444,ORT716150
929,GRE532094
4327,WOO302348
80644,GOO579925
81308,THO309019
2505785,FLO762180
2506053,MCC600925
2504287,RAC540222
2506121,RIV651634
497188,MAT190010
2495793,ADD152616
2506366,WHI472686
2506400,JAC627460
2505629,WIT559021
2505996,MAN473170
1030,MAN547041
497178,HAR051743
2506140,GRA497823
2506364,CAM375235
2495663,LYN442976
71269,CRA111040
2504346,TYN427291
2505354,ROM787981
949,STE770966
2507192,BUS277873
1581,JAC127681
2505600,LLO154116
2506107,WIN521880
2506562,CAS541133
79555,FOS107404
497206,STA583786
497288,FOR220896
2504252,JON755755
2495450,GRE034604
2495700,OLS094822
2505459,BRO502703
2506363,ROD339293
284,MCF084974
497149,BLO626278
2495558,BOW091822
2495893,MAR370922
497240,GRO135948
2507169,KOL105037
71217,BRI708216
79635,RIN387478
2505967,WAR147534
2495143,DAL659900
2495466,ING656964
2649,AME359918
2504941,CUN046143
2506581,FIT792915
2495560,BRA254359
2507164,PET260705
2504747,WAY456953
2506106,FIT437493
2495826,DAV785142
497123,MCC603149
2495863,JAC566507
2500150,COL620367
2504743,MOS717844
2505245,PAL249055
2505936,JAC560875
2507184,WAL281506
2504257,JAN400354
2504211,BRA371156
1980,HIL734134
2495831,DRE527472
768,JOH673533
2504651,JOH104425
2505299,GAT194627
2495824,CUT288111
4383,HIG784208
80429,MAC710352
1037847,KAR283607
2504778,TOM683150
2506342,EDW127548
252,HEN507580
2501016,HAN671834
2495455,NEW693984
234,FOR645404
79661,WEL350689
2505551,JOH056462
2505587,BOL283010
497238,GRE819895
2502044,MCN017517
931,JON313929
1032,NEL517441
81282,COL397342
2501863,MAN515097
2505674,MCG001995
2506341,BRO662745
2504934,BIR753911
2505982,SCH085186
925,CHA561428
497147,BES682260
80672,NIC726593
2505790,WEL219433
2505664,CLA236596
2506871,JAC173789
79595,KNO571695
2495676,MEA057501
2505101,GAR371604
2506448,JAC705688
2507141,THO085535
2506467,SPR711296
2506922,GOS721266
382,FLA009602
262,JOH127799
2506343,BEN508718
497278,BRY336027
2495647,JOH088640
2500835,GON587645
2506340,SMI031126
79563,GRE510029
2504595,SMI733120
2506097,EVA454901
2506874,BUS294963
2507175,SMI725035
2507779,BRO398445
2507401,CAR297693
2506109,ROE750381
939,MEN393702
2506404,GOR411171
80425,HAR829482
2495801,AUS467198
2495825,DAN576298
79858,SAN091667
497204,SPI347627
2495718,RIC161100
2501078,HAS536799
2502220,MOS699912
2503532,WAR179227
2506447,BAR059695
2505937,KAE109286
2506114,HEN056415
216,DAV318170
2495471,ROD369979
2505062,BRA490549
497190,MCC467156
497322,SAN295989
497284,DEC487021
2495315,MOO260498
2501563,KAS023070
2507225,FOL378021
1074,KEL091879
2688,MOO329900
2495215,PON404041
2501792,LON819356
2495172,HUN719158
2507884,NEL270110
2506313,WAS587797
2505106,MCM290007
2495459,SMI344958
2495187,KEN102780
2507591,RED505171
2508061,BRO000001
2505453,WAL652190
2495259,BAI159977
71265,COO152641
2495573,CHA313999
2499370,AKE551610
2495470,RID658759
71431,PET710823
1996,TOR105154
2495651,JON404038
2507282,MOO551757
497244,HER281088
2507463,BAR722763
220,DOU051723
2501898,MAS078652
2506287,MOO468248
81869,SCO000000
81300,PAI701900
80427,HEY279111
2505380,GRA186147
2530747,BAL312014
2507278,BAT414006
2507232,CRO369933
2507855,CRU827288
2504046,LIN159090
497262,ALE168856
2495974,WHI646241
2507183,JON404681
927,FOR530271
2506677,PRA143616
2495192,LIT425789
2495207,MUR580353
2507171,BEC177695
2506149,SUI593274
2506264,GOU258729
2504566,FEE447935
2505976,JEN421393
2506194,NOV427288
2505033,GAF203145
2507897,SMI031319
2505052,MOR472481
2501868,MAR095836
2495161,HEL697773
497328,THO095855
497224,DIC709336
935,LUM352996
80674,OGB488119
2495445,BAL366946
2507850,BAL649420
89686,BRI421487
2495772,WAR350033
2506386,NUG461506
2506222,CRI120494
497336,WIL206430
2495721,ROB609376
2506878,LEI453701
497129,SKE601491
2507518,BAL511704
733,BEN327033
2507140,PAL194666
2507218,CEL251361
497176,GER353982
2506481,ORL645634
2507476,SMI461535
2495194,LOC066933
2507385,HAN149018
318,SIM531556
497192,MCK725816
2508123,YAT420091
264,JOH000001
2503715,WIL271115
2505562,WAL501121
80630,BEL396946
2495438,RUD559717
367,FLY487098
2532977,WRI486076
2495467,JON731670
2495253,YOU597839
2532970,WEE221487
4381,HAR717525
497174,DWY425790
2533035,WIL672509
2532956,TAN298716
2532899,MAR578568
2533033,GRI283140
2495468,LES202930
2533031,LUC524055
2533038,BLA284263
2532975,WIL777781
2533032,RIC635450
2495474,WIL000004
2505511,BUR338629
324,TAM511848
2531332,PRY474541
2495448,COB365535
2533457,MOR317547
2533537,HIL590866
2533460,TUR019059
497302,LAF184731
2533039,JEF498860
81857,OGL674214
2532968,WAL585473
1062,BEN379259
2507790,BRO251022
184,AVE422211
2536340,TUC224643
497254,PIT086233
81831,HAR725593
2506369,MIL243606
1970,CHO431469
2504833,HIL586565
2506928,HIX462619
2532842,FOL058566
2533034,MIL373118
71195,BAR116168
2534797,ZUE563610
2532797,BOL167697
2504162,GRA217171
497320,ROB102317
2534789,RIC404335
81288,GIB479862
2531056,POW572739
2508119,GRE037487
2495186,KAE371576
2533012,BAL687264
2508097,HAW100447
2495714,QUI529720
2500351,DAW705989
238504,STE477247
2537931,GOR190310
2535634,GIV226674
2503471,VIN196019
2506531,DRE129201
2532807,BRO829985
71345,JEN587965
2495835,FAS072076
2495464,HAR263558
4433,REE092680
2507999,IVO253611
89766,MYE123904
497145,BEL389385
2532865,HIL775449
497138,ASI070576
2505673,LEF677964
2507216,MED290361
2495341,SHO727038
2534796,BRO279039
2533437,HIL737842
2532894,LIN208832
2643,PAR593998
497234,GRA193306
2495328,POW162772
238498,EDE425791
2532820,COU709400
2506817,OWE687716
2533036,JAM321847
2502377,OWE755129
2532876,JEN124150
2508027,WIL415195
2539336,AUS659596
2495473,VER287449
2539335,SMI269700
2541196,TUE385627
2541151,SUD207644
2539214,THO445809
2540156,BER219765
2533545,PIE198196
2539228,MAN738705
2539341,BAL572158
2540171,RAN334748
2540178,DAV514200
2540168,LAC702361
2532926,PEA141066
2540175,BEL474300
2495150,FOR007550
497326,TAT245022
2533444,BUL521842
2495267,CAM107841
2495353,THO265401
2507374,HAU342462
2540165,HOP161500
1990,ROY461040
2495227,SCO227251
81294,HOY440791
2495744,SNE717004
2539637,STU678742
2495139,CLA715825
2539275,GLE711694
2539326,FRA476647
2540169,WOO561144
2532838,FLE075352
2506004,COT027891
2539217,ELL164917
2540154,ALL532966
2540273,STA100025
89802,SUC073828
2508115,BRO744480
222,DOU372712
2532799,BOY612580
2533533,RAN372502
497121,LEW733214
2532888,KEE690598
2505076,MCC600777
2540224,JAM394061
2540202,STI417540
2506895,CLE075538
2540160,REE302847
2539205,WIL532584
2539256,DOB744752
497258,QUA373212
497282,COO700168
2541768,WRI708932
2532884,JON601697
2495966,WAL115671
2495425,TOL825549
2495660,LEO380682
2534571,RAI596457
2539936,JOH186619
2542065,MCG491502
1966,CAR142530
2535708,DUN098604
2532841,FLO764240
2532853,GRE298482
2495472,TOD628353
2540145,PAT387075
2533037,POL125846
2539308,BAR192558
71309,GAN308500
2540158,ERT800920
2543498,COO299382
2543462,MAN794607
2540151,HUN711562
2543682,SAN746476
2543477,BOR650964
2543583,FRE174508
2543500,MAT569663
2539291,WHE120992
2543565,WIL142264
2543603,HIL407410
2543475,LEE466282
2543499,CAR358797
2543471,BEN150538
2542022,ROB601698
2543664,WES395447
2495443,MAL262949
2543468,EVA534309
2543743,HYD402541
2543457,WAT270480
2540148,EIF131143
2543465,BRI129168
2541556,MCM226186
2550380,PAR471800
2533046,ALL164177
2540174,LAT682317
2540203,TOI581408
2550353,HUR436342
2495211,PAU265785
2543600,BLU106654
2540258,KEL012458
2533349,DAV164136
2543715,MCK656764
2533040,SAN808447
2550189,CRO734794
2543847,BRO494712
2543704,TAL413914
2495189,KER321479
2537933,DON564065
2495748,STA482517
2532933,QUI043372
2543466,EBR474619
2550658,OLI200892
89798,SMI040756
497242,HAR007683
2543496,BEC573252
2495453,HOL497389
2543509,ROB365982
2550325,CAT093927
2543605,MET532718
2543770,SIM669037
497172,DIX077953
2543502,MAS269896
2540211,ESC568293
2539260,ROB399206
2543495,ADA218591
2543572,BRY499889
2533030,GRA699244
2540269,AND163330
2540020,RID187949
2543683,SEF177981
2532864,HER657540
2541161,MUR671046
2541147,JOH105729
2543488,LAN163029
2539315,TAY700784
2539980,WIL407286
2541544,CUN106619
2539322,MIC066214
2553117,HAY563587
2495240,TAY764868
2552487,COO487703
2552374,ABD647726
2552453,COL359050
2552461,JOH000009
2552597,PER440170
2552469,GOR275321
2552458,FUN405541
2552409,PAR226609
2550313,ROD493098
2552471,YEL060186
2552466,MAR186347
2552033,WIN623708
2506063,SCO003459
2543801,GAR363225
2552475,GUR000000
2552600,AGH474619
2553435,JOH174477
2543614,MON117004
2540928,FEL484741
2550328,COL222062
2552380,WIL398250
2495469,LEW218646
2540037,WHI731103
2532790,BEN162218
2552635,JON603219
2553733,RAW440791
2550474,AND650999
1060,BAR521746
2532903,MAT576281
2495158,HAN169573
2553833,LAM580646
2507166,GIN403290
2552429,MON677133
2550636,SAN796299
2552631,ALL469092
2552376,COB141451
2550256,SNE115447
2550268,WES136836
2540177,WIL750668
2539227,HOP165345
2506122,WAT311042
2539287,JON565403
2550551,COO469595
2552608,DIG218895
2530660,AIK246111
2552379,LAN550009
2543773,WHI242257
2495461,DRA542186
2533436,OSW479182
2552582,AJA771256
2543794,GIL677592
2553112,MYE407253
2540204,WAR371408
2540215,MCD589658
2543497,MCC176481
2550545,BOS743355
2552375,ART387205
238457,MIL625333
2556075,HEN602843
2552430,LOC420915
2543491,RIC593564
2555408,AGU080357
2555224,ELL289284
2555346,FUL503598
2555295,SHE495754
2553457,SIE461866
2555259,WEN615770
2555464,WAS000000
2555260,PRE285723
2555223,BOO019902
2555214,TRE425415
2553913,WIL547641
2552633,JAM239797
2556885,RIC215247
2555334,GOF219636
2555317,SHA495155
2555230,DRA280410
2556118,WAS231679
2556411,FER201072
2552397,WAL062390
2556477,BOY620791
2555418,HOW239418
2550481,DAR352254
2540232,DOY403968
2555387,KES701662
2555316,LYN526034
2555229,DIX440855
2555341,HEN617052
2555461,SMA757345
2506546,AND180512
2555333,COL232728
2543828,ENU444955
2535698,BEA434808
2553568,MER114236
2556370,THO308912
2556563,JAC134613
2553631,ZEN513046
2543721,FIE077391
2539663,GIL667064
2543750,JAN413854
2556414,KEL338220
2540011,THO499404
2556466,BAR077733
2552415,CRO697273
2553439,DAV567050
2555417,PRO494028
2552656,NEL488051
2556601,LUT811045
2530690,HAR370058
2555415,HOO570770
2555460,PER227681
2550542,BIB097874
2552369,PET742461
2550512,WIL206455
2556214,HIL628694
2553737,ROG291905
2555466,BOY378353
2550617,GAB627060
2550656,BRA663798
2555216,MIT502824
2556801,FAR789227
2558008,TRU215336
2558063,WAT338355
2541785,THI510348
2557917,HUN308934
2557848,DAV247957
2557983,KIZ080286
2557994,FOR392618
2555343,DOC662393
2557863,JON403726
2557991,COO047079
2558918,BRE256819
2557997,MCC035988
2557976,MIX564388
2557973,FOU564970
2553432,WHI315610
2556771,ROS046718
2558138,PER095343
2558266,KIT388290
2558204,WIL328269
2530515,HOG008552
2558865,CAR568144
2557978,CON461999
2558250,COH427642
2535686,TAV164481
2558123,MAC338783
2558052,GOL573546
2557898,KUP534597
2558019,KAM244058
2555261,BRI516391
2532887,KEA511674
2555430,COL479374
2558846,WIL000009
2558172,ELL296383
2558116,JON026624
2557952,GAL649066
2557858,ENG726325
2558245,BUT061642
2555473,LOU665833
2557986,NJO355964
2555263,HOG022742
2557934,MCG791501
2552588,HUN005842
2557922,BEA000000
2553895,HUM721507
2555478,ROB399065
2557856,HOW308864
2543759,GRA498062
2543640,SAV166116
2558149,SMI829709
2552586,KRO074538
2543533,MUR681154
2556521,FAI144264
2553743,SMI664332
2552382,BRO550137
2556462,AND460305
2557895,WES551470
2559169,EKE189430
2558191,PET071806
2539265,BUR268979
2539964,GOO681722
2559150,CLE186218
2556440,MCK692580
2552576,MAN548238
2559248,SEA449742
2550284,BUR817654
2556450,ROS276548
2559153,COL130738
2560933,WIL088337
2560765,JOH399188
2560733,FRE376456
2558105,GOD549393
2560813,MOO272423
2560854,RID652384
2560890,TAT130154
2560809,MIC517884
2560968,BAR192674
2561036,DAR466141
2560835,PEN504753
2558125,MAH401939
2561224,KIR706709
2560800,MAY483453
2556460,ALL713965
2559947,LIN303086
2561046,DIS743152
2558010,ROS616450
2560858,ROS357433
2560836,PET735981
2560955,ALL529264
2560742,HIN226970
2561029,COU751041
2552559,UZO415291
2559924,SMI342780
2561021,CHU033942
2540243,MAH294385
2539289,BAR236353
2552647,MUR517528
2560888,SUT333526
2560738,HER373492
2558856,MOO249444
2558979,MUL486612
2560757,JAC323395
2560907,VAL142116
2556404,HAR485163
2560949,ADA444540
2552399,HEU190731
2541185,GRI294351
2560957,AND701433
2561324,EDW471180
2558194,REY398905
2560878,SMI764556
81284,DAN230354
2560756,JAC283219
2553667,LAC529668
2560862,SAM713301
2555262,DRI392790
2560938,WIL723340
2560711,EDM181116
2560894,THO197015
2558066,SAM633285
2560967,BAL608677
2495838,GRA068015
735,BES106788
2506096,WIL511864
497270,BEN192067
2500467,DRI611685
2505938,COO376642
2495220,ROY668900
2508112,HOU358294
2541834,HIL451418
2552424,DOR488199
2552470,COA667430
2552491,GRE398545
2557936,WIL386826
2561000,GUI074673
2560770,JON705925
100001,"ATL"
100002,"BAL"
100003,"BUF"
100004,"CAR"
100005,"CHI"
100006,"CIN"
100007,"CLE"
100008,"DAL"
100009,"DEN"
100010,"DET"
100011,"GB"
100012,"TEN"
100013,"HOU"
100014,"IND"
100015,"JAC"
100016,"KC"
100017,"STL"
100018,"OAK"
100019,"MIA"
100020,"MIN"
100021,"NE"
100022,"NO"
100023,"NYG"
100024,"NYJ"
100025,"PHI"
100026,"AZ"
100027,"PIT"
100028,"LAC"
100029,"SF"
100030,"SEA"
100031,"TB"
100032,"WAS"
